Area_sqft,Bedrooms,Bathrooms,Location,Age_years,Price
3674,2,2,Downtown,17,676772
1360,2,1,Downtown,18,385807
1794,3,1,Downtown,12,438484
1630,2,2,Suburb,3,305458
1595,1,1,Suburb,30,334672
3592,1,4,Downtown,29,646655
2138,3,4,Rural,9,439035
2669,2,3,Suburb,28,524853
966,1,4,Suburb,21,229589
1738,1,1,Suburb,4,295636
830,4,1,Suburb,2,223590
1982,4,4,Suburb,15,422128
2635,1,2,Downtown,25,518544
3944,3,2,Downtown,7,810604
3671,5,1,Rural,23,686390
3419,5,2,Downtown,6,815368
630,1,3,Suburb,18,131757
2185,1,3,Rural,13,388389
3880,1,4,Suburb,14,654636
1269,3,4,Suburb,16,321389
2891,4,2,Suburb,20,626200
2015,1,1,Downtown,0,506697
3985,1,4,Suburb,5,694384
3353,2,3,Suburb,26,622795
2933,3,4,Rural,22,534417
1715,1,4,Rural,14,280991
1455,2,3,Rural,30,278680
2824,5,1,Rural,11,547447
1684,1,4,Suburb,20,330717
959,1,4,Suburb,19,199287
3885,2,4,Suburb,1,706404
521,3,2,Suburb,4,223320
2800,1,4,Rural,8,503128
1247,5,3,Downtown,19,407346
3404,1,1,Rural,13,616638
974,5,1,Rural,17,344866
1582,4,3,Rural,28,327164
3058,4,2,Rural,30,587802
2547,5,3,Downtown,21,654488
3247,3,1,Downtown,7,699934
1475,1,3,Downtown,1,391770
2306,1,2,Downtown,8,433244
689,4,1,Suburb,6,240608
3505,5,2,Rural,29,634387
3234,1,3,Rural,28,568716
3505,1,4,Suburb,17,586832
1062,3,3,Downtown,26,320739
2399,2,2,Downtown,15,540058
1767,4,3,Downtown,20,431779
3379,4,4,Suburb,4,671223
2028,2,2,Suburb,22,406663
3702,1,3,Downtown,28,703613
1146,3,2,Suburb,14,317665
2568,3,2,Downtown,4,590019
3388,4,1,Suburb,10,664224
2714,3,1,Suburb,29,467821
1797,2,2,Suburb,21,372740
2935,1,3,Suburb,13,528909
1100,2,3,Rural,24,253996
2863,5,3,Downtown,18,628762
2561,4,4,Suburb,2,543404
741,3,2,Suburb,23,230351
2541,5,2,Suburb,9,530773
3324,3,4,Rural,27,547002
3917,1,2,Suburb,5,694026
3112,1,2,Suburb,27,570033
3445,1,4,Downtown,25,623003
1863,3,1,Suburb,2,410917
2639,5,2,Downtown,1,649736
1890,1,4,Downtown,12,449301
3503,5,3,Suburb,17,695393
1978,3,1,Suburb,1,448126
3999,5,3,Downtown,14,831811
3056,3,2,Suburb,4,615731
1275,3,1,Suburb,14,285107
534,4,4,Downtown,27,320616
2753,3,2,Suburb,20,541170
3652,3,4,Suburb,16,693695
2455,2,1,Suburb,1,464396
2085,1,3,Suburb,17,390173
3959,4,2,Suburb,14,751160
3573,4,2,Suburb,19,622818
1521,4,4,Rural,22,309116
3961,2,1,Suburb,2,690391
3113,3,4,Downtown,4,614591
1629,1,1,Suburb,10,337532
2000,5,2,Rural,8,439778
1202,3,1,Downtown,4,409011
2949,2,2,Rural,24,474730
3277,3,1,Rural,0,608592
2079,3,3,Downtown,24,451447
661,2,1,Rural,13,124636
701,4,3,Suburb,4,278784
2481,4,1,Rural,7,515268
1495,1,1,Suburb,20,320814
2817,1,4,Suburb,13,470055
1315,4,4,Suburb,27,332758
3842,5,2,Suburb,15,759221
955,3,4,Downtown,5,356815
1775,5,1,Suburb,7,458099
1516,3,4,Downtown,1,445354
2843,4,1,Suburb,18,600471
3267,1,3,Suburb,26,567196
837,1,1,Suburb,8,232506
1378,5,2,Suburb,4,412690
1576,1,3,Downtown,4,394104
1291,4,2,Downtown,24,415620
2764,5,2,Downtown,25,645835
1263,3,2,Suburb,18,292476
2735,1,4,Rural,29,412070
879,2,2,Downtown,3,299429
992,1,3,Rural,15,168366
3612,3,1,Suburb,15,669294
1680,5,2,Suburb,15,416778
2562,3,3,Suburb,6,557327
564,2,2,Rural,17,172752
3068,4,1,Downtown,23,676538
1867,1,3,Suburb,20,345362
1652,5,3,Suburb,30,443690
2527,4,1,Suburb,0,565859
3195,3,3,Rural,2,600073
1995,5,1,Downtown,30,445053
3634,4,3,Suburb,24,716462
1662,5,3,Suburb,20,462500
2022,2,1,Suburb,7,416639
3140,2,1,Suburb,0,591952
891,1,3,Suburb,29,189150
2198,1,3,Rural,6,344748
918,2,1,Suburb,6,234837
2836,5,4,Rural,7,618183
878,2,1,Suburb,18,266070
2296,1,3,Downtown,16,455219
2778,2,3,Downtown,10,559348
3565,2,3,Downtown,14,754802
2588,5,1,Suburb,8,529595
3599,4,3,Suburb,16,662387
2682,1,4,Suburb,10,479413
700,5,2,Suburb,5,239260
2363,2,4,Downtown,8,500325
1279,2,1,Downtown,29,317181
3477,4,3,Downtown,17,687483
3604,1,1,Suburb,19,661439
3619,1,2,Downtown,1,656845
1002,3,1,Downtown,3,333042
2954,1,3,Rural,17,469790
2251,4,2,Rural,27,434351
1304,3,2,Downtown,0,357896
2646,3,3,Suburb,10,529177
3231,2,3,Suburb,2,612294
2395,2,3,Suburb,7,514315
3273,1,1,Suburb,4,569292
2070,3,4,Downtown,19,530035
1460,2,1,Suburb,20,294791
3160,4,1,Suburb,21,605859
1985,2,4,Downtown,21,499692
3190,2,3,Suburb,4,681588
1528,3,3,Suburb,27,392778
3789,3,4,Suburb,10,691642
1002,5,4,Downtown,11,384746
3314,4,1,Suburb,21,656579
897,3,2,Downtown,8,326913
1370,1,4,Suburb,20,255265
3342,4,1,Downtown,12,706337
892,4,2,Downtown,21,307625
706,3,3,Suburb,19,197848
1538,4,3,Suburb,28,353359
2381,3,1,Rural,2,474610
3439,2,1,Suburb,12,653891
1984,5,4,Downtown,27,492982
1363,2,3,Suburb,21,301092
3290,3,1,Suburb,10,647618
3812,3,3,Downtown,10,753926
1063,2,3,Rural,20,240897
1520,1,4,Downtown,19,361339
595,1,2,Rural,20,145332
2423,1,4,Rural,6,395079
2257,3,1,Suburb,16,466220
3032,4,4,Rural,15,612636
3978,3,4,Suburb,13,728770
2778,4,3,Downtown,30,571687
3296,2,4,Suburb,0,658696
2178,5,1,Downtown,10,568341
3742,4,2,Suburb,12,732329
1040,1,4,Suburb,0,278216
1559,3,4,Suburb,1,339059
3072,2,2,Suburb,8,592234
1683,1,1,Suburb,12,381989
2222,2,1,Rural,4,404894
3814,5,4,Downtown,29,715242
3657,3,3,Suburb,8,691517
2319,3,4,Downtown,12,526832
3125,5,2,Suburb,4,598322
3229,3,2,Downtown,14,678511
3104,4,2,Suburb,29,612509
2097,2,4,Downtown,6,434566
3560,1,4,Downtown,13,727679
3193,5,1,Rural,29,622484
1295,4,3,Downtown,15,332542
1551,1,4,Suburb,30,327216
2143,1,1,Downtown,5,490145
1863,5,4,Suburb,1,500900
2481,4,1,Suburb,15,498434
1854,1,1,Suburb,18,385099
2163,1,3,Downtown,4,463350
2029,4,4,Suburb,3,444655
2538,3,1,Suburb,13,481750
3919,1,2,Suburb,26,604756
1996,2,2,Suburb,5,430613
3802,4,2,Suburb,7,715109
2737,1,3,Downtown,23,455646
3796,5,1,Downtown,2,799661
1908,2,3,Downtown,3,487935
1900,1,4,Downtown,0,395790
1806,2,4,Downtown,1,418522
3180,2,1,Suburb,12,598228
3175,3,2,Suburb,8,531484
1472,2,1,Rural,30,264790
2268,3,1,Downtown,11,529598
1782,4,1,Suburb,9,401466
3930,3,3,Rural,9,651560
1209,5,4,Suburb,17,306847
1979,1,1,Downtown,11,387487
1934,4,1,Downtown,21,460109
1148,4,1,Downtown,29,384900
817,5,3,Suburb,15,358407
3796,3,3,Suburb,22,688485
1757,1,3,Downtown,5,431597
1183,3,1,Downtown,23,316225
1163,2,2,Suburb,24,207700
2498,3,2,Suburb,23,547248
3945,4,2,Suburb,20,713897
2131,1,4,Suburb,23,418211
1995,3,1,Suburb,9,435004
3804,1,2,Downtown,30,720438
1636,1,2,Suburb,14,360023
2353,2,2,Suburb,25,456282
2020,2,1,Rural,8,396633
2989,4,2,Downtown,29,665728
1063,5,2,Suburb,23,304159
1791,1,1,Suburb,1,414318
3957,5,4,Suburb,17,735314
3958,4,3,Downtown,11,794997
3684,1,2,Suburb,2,669475
2136,1,3,Rural,6,335527
3499,5,4,Suburb,8,738305
3652,3,4,Suburb,7,695077
1198,2,2,Downtown,24,424729
2660,3,1,Downtown,5,646421
501,5,4,Suburb,0,254823
1141,2,3,Rural,13,301718
2767,3,3,Rural,15,535470
2089,2,3,Suburb,27,413283
1354,1,3,Suburb,15,238319
2259,3,4,Rural,3,403144
3796,2,2,Suburb,28,661531
2932,2,2,Suburb,5,539939
3974,2,3,Downtown,14,758856
2161,3,2,Suburb,27,478321
1653,4,3,Suburb,21,412899
1576,3,3,Rural,30,295511
2207,5,1,Suburb,7,531799
3277,3,4,Downtown,30,624129
2195,2,4,Suburb,0,414983
2233,1,3,Rural,12,404399
1939,3,4,Suburb,26,380415
2794,3,2,Downtown,17,572845
1335,2,3,Downtown,17,383069
702,1,1,Suburb,12,213029
3755,1,2,Suburb,21,631096
622,5,1,Suburb,29,195547
900,3,1,Downtown,13,289945
1266,1,4,Rural,10,308162
793,1,4,Downtown,6,291946
2827,4,3,Downtown,17,659758
3431,4,4,Suburb,20,662331
697,1,1,Suburb,21,173019
3529,5,1,Downtown,3,783506
2430,1,2,Downtown,16,536955
3299,2,1,Downtown,18,632458
2691,3,3,Suburb,13,509254
1108,5,3,Suburb,9,291562
3772,2,4,Suburb,24,639647
1647,5,4,Suburb,28,419118
686,2,4,Suburb,5,200012
3897,3,3,Downtown,17,785502
3011,3,1,Rural,24,596665
3920,4,4,Rural,3,715745
2294,2,2,Downtown,10,503612
1159,4,4,Downtown,12,388308
3311,2,3,Downtown,7,642418
3502,4,4,Downtown,9,706880
2455,3,1,Suburb,22,467725
2950,5,4,Suburb,27,561133
1869,4,3,Suburb,10,457344
2486,2,3,Suburb,2,476003
2034,2,2,Suburb,14,444442
646,3,3,Suburb,7,245778
3719,2,2,Downtown,19,708167
3411,1,1,Suburb,17,618939
2234,5,3,Suburb,26,460796
2343,4,4,Downtown,20,518038
988,5,1,Downtown,0,399608
3476,3,4,Rural,28,537530
2459,4,4,Suburb,23,506288
2163,4,4,Downtown,29,523165
3098,1,1,Suburb,7,597026
2885,3,1,Suburb,2,616214
3419,2,3,Suburb,0,628941
1140,1,4,Downtown,19,325108
2302,1,2,Rural,24,367169
3020,5,3,Suburb,15,604695
2469,5,1,Downtown,8,633380
2698,5,2,Suburb,30,553503
1938,1,1,Suburb,16,379490
3869,2,2,Downtown,26,693356
2134,4,3,Downtown,30,512777
762,5,2,Downtown,15,351922
2287,2,3,Rural,22,432741
2691,3,1,Downtown,5,552309
2893,5,2,Suburb,29,614948
1123,4,4,Rural,22,246507
1516,3,4,Downtown,6,410608
1380,3,1,Rural,23,245456
2549,4,2,Rural,15,491966
3444,5,4,Rural,7,629492
1827,1,3,Downtown,9,401584
2801,4,2,Suburb,13,568947
952,4,2,Suburb,10,317617
3608,4,4,Rural,1,693987
1683,3,3,Downtown,11,361331
3562,2,3,Suburb,27,647650
2556,1,3,Suburb,27,462588
3804,5,2,Downtown,19,764794
3670,5,1,Suburb,19,685088
2182,2,2,Suburb,12,433427
3363,4,2,Suburb,14,657368
2755,1,4,Suburb,26,498586
1654,5,1,Rural,25,367181
903,5,3,Suburb,11,228723
2699,4,4,Suburb,12,537991
2601,2,2,Suburb,7,467639
3691,1,1,Suburb,15,700307
2196,2,3,Suburb,29,422179
1127,2,3,Rural,28,253284
1086,1,2,Suburb,28,253954
2148,1,3,Suburb,2,429510
1943,5,3,Downtown,27,481963
1945,5,1,Downtown,28,477435
603,1,4,Suburb,30,99832
753,3,1,Downtown,12,295216
3798,5,4,Downtown,11,797711
3683,3,4,Suburb,18,673015
3057,1,4,Downtown,28,584853
1996,5,3,Downtown,1,492208
598,2,1,Suburb,0,200879
2700,1,3,Suburb,7,478504
2384,4,2,Rural,29,478550
3461,3,1,Suburb,8,652380
2419,1,4,Suburb,24,419656
1377,1,3,Rural,26,245751
837,5,3,Suburb,7,267364
3369,5,1,Downtown,20,705505
3734,5,1,Downtown,16,791581
1456,4,4,Suburb,8,330431
2204,5,4,Suburb,5,503765
660,1,2,Suburb,27,149502
2103,5,4,Suburb,14,441503
3348,2,3,Suburb,22,656159
897,5,2,Rural,23,299163
1800,4,2,Suburb,12,400058
1315,2,2,Downtown,20,338557
2027,1,1,Rural,21,292383
2419,1,4,Downtown,11,454075
1915,3,2,Suburb,12,381409
1658,2,1,Rural,6,331692
1718,3,1,Suburb,22,372258
900,2,2,Suburb,17,247952
1139,2,2,Suburb,13,298208
3604,4,3,Suburb,10,698940
3235,3,2,Suburb,27,565808
959,4,3,Suburb,13,300571
1454,2,2,Suburb,16,341161
969,1,2,Suburb,23,209532
3946,2,4,Downtown,20,686507
1545,4,2,Suburb,25,402272
3297,3,2,Suburb,30,607199
2193,3,3,Suburb,1,384765
2585,4,3,Suburb,18,591858
2777,3,4,Suburb,15,527187
3936,5,2,Suburb,21,822571
1062,1,2,Suburb,9,261621
2985,1,3,Rural,21,490670
2299,1,1,Downtown,7,493358
3854,3,1,Rural,20,646822
2574,3,1,Downtown,4,573939
725,2,3,Downtown,6,333069
3848,2,3,Rural,25,615241
1297,1,1,Downtown,12,348551
2831,5,1,Suburb,15,568057
3426,2,2,Rural,29,569858
1459,2,3,Rural,30,338148
2004,3,3,Rural,4,422394
952,5,1,Downtown,15,380170
3567,1,1,Suburb,14,623175
1315,2,4,Downtown,8,440115
1158,5,3,Suburb,21,304211
1046,5,4,Rural,22,237519
1715,1,2,Suburb,11,396830
3620,5,4,Suburb,7,704552
516,5,1,Suburb,12,257708
3743,5,3,Suburb,4,788941
1743,2,3,Rural,13,351157
2705,1,4,Downtown,15,607675
3024,5,4,Suburb,10,627686
1569,5,2,Rural,19,345106
3944,2,2,Suburb,30,610996
3065,1,1,Downtown,11,607766
2646,3,1,Suburb,14,455807
2268,2,1,Suburb,23,446939
1560,1,4,Downtown,11,416786
2827,5,4,Rural,25,548538
3920,1,3,Suburb,8,685703
3044,1,1,Rural,0,554070
801,1,4,Rural,2,208236
680,3,3,Suburb,11,265815
1106,1,1,Downtown,19,296325
3670,3,2,Suburb,12,610966
1199,5,2,Downtown,22,423131
1492,3,4,Rural,5,321636
1639,5,3,Downtown,9,440490
690,5,2,Downtown,9,334578
2800,3,3,Suburb,15,550596
1480,2,3,Downtown,26,343516
3475,4,2,Downtown,0,692682
2506,1,3,Suburb,15,474952
1684,4,2,Downtown,3,434104
3827,1,4,Downtown,5,722482
3894,1,1,Suburb,18,677303
627,5,1,Suburb,30,273095
2565,1,4,Suburb,1,547323
2316,1,2,Suburb,17,437516
2258,3,2,Suburb,9,456939
3113,4,2,Suburb,27,649703
1069,3,2,Rural,27,274793
1846,1,4,Downtown,3,428951
2395,5,1,Suburb,28,518345
3233,3,3,Rural,0,595757
1125,3,3,Rural,14,269616
3859,2,1,Downtown,9,736794
3401,1,4,Downtown,17,613905
2186,5,3,Suburb,15,493166
3509,3,1,Downtown,12,757068
654,3,4,Rural,25,158619
3037,5,3,Suburb,14,613412
1909,1,2,Suburb,1,358592
1284,2,2,Downtown,19,378320
3675,3,4,Suburb,3,713141
3964,2,2,Suburb,0,676251
745,4,4,Rural,6,175196
3747,1,1,Downtown,22,716021
3610,4,1,Downtown,25,686322
2000,4,3,Suburb,10,474848
2205,4,4,Downtown,25,496608
3306,1,3,Suburb,9,607750
1037,1,3,Rural,0,238873
2390,5,1,Suburb,10,512406
2341,2,3,Rural,23,391780
1420,2,2,Downtown,9,391274
2955,5,3,Downtown,13,639472
1024,5,4,Downtown,13,403869
3375,4,2,Suburb,6,635280
2029,5,1,Rural,22,442861
3450,3,4,Downtown,10,685794
535,2,2,Suburb,21,179421
1184,5,4,Suburb,27,309584
519,3,2,Rural,3,179492
2868,3,4,Downtown,26,517347
3059,3,4,Downtown,23,601462
899,3,2,Downtown,1,306222
3201,4,1,Suburb,6,631994
1471,3,1,Downtown,18,431446
2406,4,4,Rural,13,456968
3018,4,4,Suburb,18,637120
1666,3,1,Suburb,29,335057
1615,2,1,Suburb,6,323006
3925,3,3,Downtown,11,711224
1333,3,1,Suburb,2,356154
2323,3,4,Rural,30,431031
3274,2,2,Rural,14,583526
2482,1,1,Rural,4,442249
1353,1,3,Rural,7,265674
550,4,3,Downtown,13,288033
1074,4,3,Downtown,28,407675
3761,2,2,Downtown,3,716932
1648,5,1,Suburb,6,482830
2697,1,1,Downtown,6,574121
2861,4,1,Suburb,17,583106
3117,1,2,Suburb,13,571186
3913,2,2,Rural,7,574081
2852,2,4,Suburb,25,514950
2215,5,3,Rural,11,451143
1181,5,3,Downtown,9,461522
1337,2,1,Downtown,30,330308
1577,4,2,Suburb,13,382656
3550,1,2,Downtown,8,673119
2991,3,1,Downtown,5,594454
3160,5,1,Suburb,29,608193
3540,3,4,Downtown,4,741507
2811,4,3,Suburb,0,517696
3624,5,3,Suburb,0,732941
2095,3,3,Suburb,24,403206
3551,4,4,Suburb,29,702648
504,1,1,Suburb,19,168448
1626,4,1,Downtown,16,392307
1719,5,3,Downtown,10,465366
1273,2,3,Suburb,25,299557
1376,1,4,Suburb,11,286281
1491,3,2,Suburb,2,366004
3431,5,2,Suburb,5,689073
3921,2,3,Downtown,29,755155
546,4,4,Suburb,10,245087
3414,2,3,Suburb,28,602654
3370,5,2,Suburb,12,674038
3483,5,3,Suburb,10,659965
3203,2,2,Suburb,7,637471
768,4,2,Suburb,28,336066
869,2,2,Suburb,9,231440
1135,5,1,Downtown,1,400681
1629,5,1,Suburb,23,431801
2193,3,3,Downtown,13,536234
2182,3,2,Downtown,28,494649
1156,1,1,Rural,15,199115
619,5,3,Rural,16,281395
1330,3,3,Downtown,10,399937
2310,2,3,Suburb,1,472116
1581,4,3,Downtown,23,402465
2474,2,3,Suburb,22,470839
1869,4,4,Rural,4,351917
1240,3,2,Rural,30,288227
616,1,3,Suburb,28,193942
2353,2,4,Suburb,15,464843
3338,2,2,Suburb,15,576892
1650,2,1,Suburb,25,356057
3964,4,3,Rural,1,747221
2431,3,4,Rural,15,437353
1512,2,1,Suburb,24,350820
2164,2,4,Suburb,4,456336
1581,1,2,Downtown,7,371930
1133,1,2,Downtown,28,275220
1012,3,1,Rural,19,237434
3349,3,4,Suburb,13,600230
1619,5,3,Suburb,24,406658
1641,1,3,Suburb,9,353905
1059,5,1,Rural,22,321908
987,4,1,Downtown,1,365973
3808,5,1,Rural,2,730940
1396,2,4,Rural,29,262360
3843,5,3,Rural,17,683227
1712,3,3,Suburb,20,363902
1203,4,3,Downtown,1,432292
1970,2,1,Suburb,20,414522
1080,5,3,Suburb,28,326222
3337,4,2,Downtown,8,648089
3408,4,1,Suburb,1,679584
2794,2,3,Suburb,24,475210
3647,5,4,Rural,6,653299
653,4,1,Downtown,6,267559
2179,4,2,Suburb,13,450665
1496,1,2,Suburb,4,345402
3657,4,4,Suburb,7,708348
3244,1,4,Rural,22,506306
3856,5,1,Suburb,21,719978
1743,5,1,Rural,17,409399
1592,5,2,Suburb,5,434734
3618,3,4,Suburb,13,673709
1508,5,1,Downtown,17,404775
2641,4,2,Downtown,16,577774
2273,2,4,Downtown,8,574380
1457,1,2,Downtown,12,320224
3559,3,3,Downtown,15,720098
952,5,4,Downtown,20,416425
1727,5,1,Downtown,9,471845
3459,2,1,Rural,9,654864
2765,2,3,Downtown,3,561119
3021,3,4,Suburb,11,522903
2979,1,2,Downtown,26,553472
2888,5,1,Rural,7,553469
1050,3,3,Rural,14,203395
2135,4,3,Suburb,20,447727
1812,4,4,Suburb,29,432530
3825,3,4,Downtown,22,723926
2257,5,1,Rural,18,459270
856,3,3,Rural,14,265515
2570,5,2,Rural,7,506052
2285,2,3,Suburb,7,474318
3069,3,2,Suburb,18,531127
2281,5,2,Rural,8,455166
3671,3,1,Downtown,29,705247
3349,3,3,Suburb,23,655624
3751,5,2,Downtown,16,749274
3794,5,4,Rural,7,684363
3309,1,2,Downtown,11,643521
2989,3,4,Downtown,26,625337
2131,4,4,Suburb,14,434582
3316,3,3,Suburb,3,618743
1515,3,4,Suburb,5,394850
1848,5,2,Downtown,29,442800
1015,3,4,Downtown,28,324494
3587,3,3,Suburb,15,647524
3339,4,1,Rural,25,647927
835,5,2,Rural,24,268663
2282,3,2,Suburb,4,504717
2805,2,3,Rural,22,472622
996,1,3,Suburb,12,262135
1395,4,3,Suburb,14,379204
2707,3,3,Suburb,16,545635
1351,2,2,Suburb,24,290172
2187,3,1,Suburb,29,443928
2431,3,4,Suburb,21,428069
3237,5,4,Suburb,26,692320
2927,5,1,Downtown,19,631932
2068,5,1,Downtown,21,509154
1456,2,1,Suburb,4,294866
3238,3,3,Downtown,18,677887
3998,1,2,Downtown,6,759576
2136,4,2,Suburb,2,469535
1791,5,2,Suburb,12,366610
1940,5,3,Suburb,13,436653
1691,3,2,Suburb,15,392451
1566,3,3,Rural,30,322443
784,2,2,Rural,12,194214
2944,2,1,Rural,1,517882
511,5,4,Suburb,13,196291
2130,3,4,Suburb,19,469416
3873,1,3,Rural,6,601746
3824,4,2,Downtown,4,773473
3046,3,4,Downtown,13,602853
1253,3,1,Suburb,8,349761
2582,2,1,Downtown,9,565761
3274,4,1,Rural,30,580384
3396,5,3,Suburb,6,704136
589,3,3,Suburb,27,156598
1275,5,2,Suburb,13,355865
3152,3,1,Suburb,24,557154
3517,5,2,Downtown,13,775302
2125,4,2,Suburb,24,465979
3569,2,1,Suburb,27,647848
917,4,2,Suburb,1,279953
614,1,4,Suburb,30,184444
1116,2,3,Downtown,16,287891
3767,4,2,Downtown,26,719844
1325,1,1,Downtown,19,324495
2149,3,3,Suburb,3,431308
2016,3,3,Rural,12,421688
3646,5,2,Rural,17,665696
912,2,4,Suburb,2,222380
3947,3,2,Suburb,18,677745
3991,2,4,Suburb,4,735572
1228,3,3,Downtown,0,297878
3848,5,2,Downtown,8,768869
3568,4,1,Rural,23,684287
3308,5,2,Suburb,7,658869
1175,1,4,Rural,2,265744
3965,3,4,Suburb,1,746575
2392,1,2,Suburb,0,453074
3004,1,4,Downtown,11,539833
3467,2,3,Downtown,21,629274
2739,3,2,Suburb,12,498568
3286,1,4,Suburb,9,598362
1622,4,2,Downtown,16,457387
2071,1,2,Downtown,29,405286
1477,4,1,Downtown,10,419187
1508,2,2,Suburb,4,342443
2643,1,1,Suburb,24,474796
2187,5,4,Downtown,26,509190
3210,2,1,Downtown,8,692642
3761,4,1,Downtown,12,782486
536,2,1,Suburb,27,175593
3940,1,3,Downtown,30,695435
2048,3,1,Suburb,19,403193
2826,3,2,Downtown,22,603837
2764,4,1,Downtown,29,581387
3414,4,2,Rural,10,636112
1372,3,1,Suburb,22,266821
2321,4,3,Downtown,3,539256
1796,2,4,Rural,20,336127
2609,5,1,Suburb,10,590384
1095,5,1,Rural,8,278580
2403,2,3,Suburb,6,429875
1228,5,1,Suburb,15,362542
1865,1,2,Rural,22,325828
896,2,1,Downtown,25,227739
1198,4,1,Suburb,22,267535
3590,2,4,Suburb,30,609094
2724,3,4,Downtown,24,572088
2135,4,1,Downtown,4,567929
895,3,3,Downtown,5,286816
2992,4,4,Suburb,18,606963
3804,5,1,Suburb,0,691774
575,2,4,Suburb,26,191079
764,1,1,Downtown,15,294798
3002,4,4,Suburb,27,587551
2319,4,4,Rural,17,440805
1217,3,2,Suburb,23,336526
3282,5,1,Suburb,12,670766
3955,3,1,Suburb,0,737858
1350,3,1,Suburb,9,302968
1890,5,1,Suburb,6,468413
643,1,4,Rural,4,141909
1384,3,2,Suburb,12,344943
3640,3,2,Rural,21,636456
3670,4,3,Downtown,15,778023
895,5,1,Downtown,23,323970
3596,2,3,Downtown,19,685920
3495,1,4,Suburb,21,627199
3438,1,3,Suburb,13,595619
1992,5,1,Downtown,10,518154
3722,4,2,Downtown,18,738098
1667,4,2,Rural,22,353141
3116,5,1,Rural,1,636529
1562,4,4,Suburb,27,422377
2656,1,1,Suburb,7,441045
1565,1,4,Suburb,12,284799
1709,2,2,Suburb,6,366106
3482,5,4,Rural,11,662789
2945,3,1,Downtown,27,598220
3794,3,1,Suburb,7,685502
1133,2,1,Suburb,15,237979
1656,2,4,Suburb,17,333077
3734,4,4,Suburb,18,726617
1738,2,4,Suburb,27,356492
1232,2,2,Downtown,3,372067
734,3,3,Suburb,27,186998
3205,4,3,Downtown,24,710074
1250,2,1,Downtown,27,313643
3135,2,2,Downtown,11,643506
3580,4,4,Suburb,15,678248
3645,5,1,Suburb,20,690550
1453,4,2,Suburb,21,369935
3039,3,1,Suburb,16,597865
3460,5,2,Suburb,3,776640
3824,1,2,Suburb,29,663778
3801,4,3,Suburb,19,729878
2042,3,1,Suburb,25,455646
1697,5,4,Suburb,23,427506
2176,4,3,Suburb,23,462239
1691,2,3,Rural,25,328422
2717,4,4,Rural,21,542194
1916,1,2,Downtown,23,456123
3493,4,4,Downtown,8,680629
3342,5,1,Suburb,4,620593
3181,5,4,Suburb,16,681601
1717,4,2,Downtown,16,427626
2040,5,4,Rural,1,405262
2576,2,2,Downtown,1,502841
3736,4,2,Rural,20,724455
1945,2,1,Suburb,22,416078
2886,2,4,Suburb,6,523047
2019,3,4,Downtown,30,440237
1888,4,1,Downtown,3,491846
2356,5,2,Suburb,12,547182
1865,2,4,Downtown,19,421930
999,3,1,Suburb,29,237269
2180,4,2,Suburb,29,492051
1010,4,1,Downtown,10,350725
3898,1,4,Downtown,30,698951
716,1,1,Suburb,25,200164
1824,2,3,Downtown,2,377510
1655,1,2,Downtown,26,386474
2327,2,3,Suburb,1,480377
3641,5,3,Rural,15,639783
3823,2,2,Suburb,2,633209
3986,1,2,Downtown,23,707969
2310,5,1,Suburb,14,517989
2992,1,2,Rural,16,511346
3423,2,3,Suburb,15,669571
1705,3,3,Suburb,19,382253
2714,4,4,Suburb,6,519135
590,1,2,Suburb,15,165971
1213,2,3,Downtown,4,308991
2381,5,4,Suburb,1,530777
538,1,4,Suburb,0,222967
3697,1,1,Rural,21,617327
672,4,3,Downtown,28,261176
1152,2,1,Downtown,12,348570
1253,3,3,Suburb,15,289617
1743,5,1,Suburb,4,354547
1581,2,1,Suburb,2,318145
2183,5,2,Downtown,26,545203
3023,1,1,Downtown,26,600620
955,4,2,Suburb,14,340779
1328,4,4,Suburb,15,354435
1394,3,3,Rural,10,349515
1884,4,4,Suburb,24,437503
2458,1,3,Suburb,18,478822
3572,3,4,Suburb,17,691852
2934,2,3,Suburb,20,554711
2496,4,1,Suburb,8,558645
2895,3,3,Rural,7,516293
689,1,3,Downtown,21,159551
1004,5,4,Suburb,18,332122
1714,5,4,Downtown,21,477343
2031,1,4,Suburb,4,374392
3940,1,2,Suburb,16,637126
3980,5,2,Downtown,4,826920
1323,3,3,Rural,13,316958
1428,5,3,Downtown,6,453797
1433,1,1,Suburb,8,276361
1640,4,1,Rural,27,325138
633,2,3,Downtown,30,255035
2605,4,2,Suburb,16,536931
1184,4,3,Downtown,2,417405
3219,1,1,Downtown,7,616152
2720,5,2,Suburb,21,589186
2352,3,2,Rural,12,449611
1314,4,1,Downtown,15,370416
1672,5,3,Suburb,20,438645
579,3,4,Suburb,28,169073
3433,4,3,Rural,9,638175
3784,3,3,Downtown,17,745925
702,5,1,Suburb,2,279691
3311,2,2,Suburb,11,635374
1752,5,1,Suburb,15,444978
2199,1,3,Rural,17,396453
1750,3,4,Rural,16,358554
2182,2,4,Downtown,6,546990
2055,3,4,Suburb,29,463190
3973,3,1,Suburb,18,745533
2594,4,2,Suburb,22,549753
1756,1,1,Suburb,27,318332
3876,3,4,Suburb,22,697928
2049,5,3,Suburb,7,499425
1666,5,2,Rural,16,415447
3986,4,1,Downtown,20,814661
1896,1,1,Rural,25,346829
3830,1,2,Suburb,24,710519
3203,5,2,Suburb,27,629382
970,2,3,Rural,26,239896
3518,4,2,Suburb,6,708443
1535,4,3,Suburb,0,403572
1853,5,4,Suburb,7,465365
3283,5,4,Suburb,18,668260
3331,2,1,Rural,28,540403
1467,2,4,Rural,19,303076
857,1,4,Downtown,19,281998
3519,4,3,Downtown,30,717508
3979,4,1,Suburb,9,692588
1167,5,2,Downtown,29,328465
872,1,1,Suburb,11,195253
1531,4,4,Downtown,23,413292
1645,1,2,Suburb,0,323814
1871,1,1,Downtown,23,427027
3223,5,1,Suburb,24,675210
589,1,1,Suburb,24,204360
3245,2,1,Suburb,20,596854
3887,2,3,Rural,3,702575
3749,3,1,Rural,3,652473
1039,5,4,Suburb,8,323300
3279,3,4,Downtown,14,632840
1368,2,3,Rural,23,308407
540,3,2,Rural,25,224978
1239,5,2,Rural,14,311392
2446,5,4,Downtown,25,506795
3049,1,4,Rural,27,471688
3506,4,3,Downtown,6,710395
3716,1,2,Suburb,11,606614
1724,5,2,Rural,2,375691
1428,2,1,Downtown,19,371339
2536,2,1,Rural,30,460192
3008,1,1,Suburb,8,481268
3279,5,3,Rural,13,612885
3299,2,4,Downtown,12,653980
1424,5,3,Rural,23,308597
3456,2,2,Downtown,27,668486
2081,5,4,Suburb,11,477615
3824,3,1,Suburb,0,700142
889,5,3,Suburb,18,269415
2117,5,3,Downtown,29,526752
3430,1,1,Suburb,15,576595
755,3,3,Downtown,11,240260
1208,4,1,Suburb,9,332863
2338,1,2,Downtown,1,462529
2444,4,4,Rural,17,430214
2997,2,2,Downtown,12,611436
509,4,2,Downtown,28,253463
3371,5,1,Downtown,23,686660
1297,4,3,Suburb,5,356418
3813,1,2,Downtown,11,723668
3822,1,2,Suburb,27,653495
1376,4,2,Rural,27,315506
1528,1,3,Suburb,28,253039
3690,1,3,Suburb,21,671297
1515,4,1,Downtown,3,450974
2324,3,2,Suburb,0,460076
873,3,4,Downtown,10,310597
3636,2,3,Suburb,22,648749
2693,1,1,Downtown,7,545770
723,4,2,Suburb,1,321242
1762,1,4,Suburb,1,304942
2724,5,3,Rural,15,499314
2302,1,4,Downtown,0,426332
1352,1,3,Suburb,3,302196
3853,3,1,Downtown,5,779270
562,4,4,Suburb,29,226148
1740,1,2,Rural,20,302326
3374,3,2,Suburb,19,639296
3342,2,3,Suburb,13,599407
1188,3,2,Rural,19,291422
1984,3,4,Suburb,25,445819
2133,3,1,Suburb,14,418014
2652,1,3,Suburb,6,483171
3670,1,4,Suburb,6,640730
1010,2,3,Downtown,17,347263
884,5,1,Rural,28,230197
904,5,3,Suburb,22,326530
3370,5,2,Downtown,1,690518
1017,2,2,Suburb,19,290856
975,5,3,Suburb,14,337807
2500,5,1,Downtown,0,600330
3256,3,1,Suburb,20,635900
2168,1,2,Rural,16,364172
2393,1,1,Rural,19,382266
3318,3,3,Rural,28,630894
1960,3,4,Rural,24,363765
3594,3,3,Downtown,12,737410
3544,1,2,Suburb,11,653865
3224,5,2,Rural,23,634790
1213,3,2,Suburb,21,318928
582,2,1,Suburb,14,213705
1668,3,3,Suburb,23,398924
3656,4,4,Suburb,4,713932
3649,3,3,Rural,6,650161
3004,1,4,Suburb,7,502532
2401,3,3,Suburb,22,487694
2548,4,2,Rural,13,530050
550,2,4,Suburb,3,166478
1184,5,3,Downtown,20,380728
1216,3,1,Suburb,28,307161
1969,4,1,Rural,13,457721
948,4,3,Suburb,9,258443
1380,2,2,Suburb,21,329804
987,1,4,Suburb,29,208316
2323,3,3,Downtown,29,489241
2581,4,1,Rural,27,462610
3919,2,4,Rural,15,643184
2642,5,1,Downtown,10,631273
3643,4,1,Downtown,21,728617
2074,2,3,Rural,28,394527
2701,1,1,Rural,24,417495
749,1,4,Rural,25,178260
1173,4,2,Rural,13,305964
937,4,3,Suburb,13,242316
2665,3,4,Suburb,1,583937
1270,2,3,Suburb,21,299697
3877,4,1,Downtown,12,802513
767,3,1,Suburb,2,287734
2484,3,4,Suburb,29,512651
1577,4,4,Suburb,17,375767
735,1,2,Suburb,21,211005
888,2,4,Suburb,3,195899
3537,2,4,Downtown,20,692363
1262,1,3,Downtown,20,371275
2348,4,1,Downtown,18,523339
2948,2,4,Downtown,15,624664
1123,4,2,Rural,27,324640
3314,4,4,Downtown,3,724776
3874,3,1,Downtown,18,783862
3466,1,4,Suburb,22,550816
3778,4,3,Suburb,14,684652
1752,5,1,Downtown,0,535692
3400,1,4,Suburb,15,623811
1077,2,3,Suburb,14,282431
2622,3,1,Downtown,15,560362
934,2,4,Downtown,21,297639
2650,2,3,Rural,19,520644
3993,1,2,Rural,0,665893
1263,2,3,Suburb,16,314428
3285,4,2,Downtown,4,718939
3353,2,4,Suburb,29,573974
1829,3,3,Suburb,4,392689
2645,3,2,Downtown,25,607560
3345,5,1,Suburb,6,692854
1858,3,3,Suburb,12,386290
3406,2,4,Suburb,11,610562
2982,3,1,Suburb,3,554732
946,1,2,Rural,29,214895
2517,3,3,Suburb,24,485997
1831,4,3,Rural,3,394497
748,1,4,Downtown,22,265428
665,5,1,Rural,20,179367
3531,4,3,Downtown,30,708543
1858,2,3,Downtown,20,428373
1519,2,1,Suburb,5,334282
1041,2,3,Suburb,23,236664
1258,4,1,Rural,14,283398
3677,4,1,Suburb,20,700024
2628,4,1,Downtown,30,543897
2680,1,4,Suburb,18,488836
1296,1,1,Suburb,5,272813
3447,2,1,Suburb,29,593458
637,3,2,Suburb,11,230460
2731,2,2,Suburb,13,501722
3972,5,4,Rural,17,766811
1853,1,1,Rural,27,316748
3332,4,2,Downtown,11,730199
2375,1,2,Suburb,23,410392
3531,4,3,Suburb,23,643127
568,5,1,Suburb,14,201308
3093,5,2,Suburb,18,611185
2600,1,4,Rural,27,426022
1973,4,3,Suburb,7,451261
704,5,3,Rural,8,268521
2673,2,1,Rural,4,505694
542,2,1,Rural,4,201369
2406,4,3,Rural,5,459281
2658,1,4,Suburb,22,477625
1260,5,1,Downtown,2,386995
3754,1,1,Suburb,4,671527
3395,2,3,Downtown,0,733378
2642,5,3,Suburb,10,530407
2494,1,1,Suburb,25,469726
3945,3,2,Suburb,20,743209
2435,4,1,Rural,19,449468
1399,4,2,Rural,0,352940
859,3,3,Downtown,6,302052
3447,2,2,Suburb,14,619415
2219,5,4,Suburb,16,485058
780,4,3,Suburb,28,242254
3766,3,1,Suburb,7,732566
2387,3,1,Suburb,29,466676
3766,2,3,Suburb,25,641850
1166,2,3,Rural,27,239970
592,1,4,Rural,1,94136
1171,4,3,Downtown,25,336143
2469,1,1,Suburb,12,495808
560,3,4,Suburb,11,208640
3181,5,1,Downtown,4,688809
3622,5,2,Downtown,12,766489
3974,2,3,Suburb,5,733199
1528,5,2,Suburb,24,425062
1989,5,1,Downtown,14,500819
1103,5,2,Suburb,29,303609
1181,3,2,Suburb,22,288455
3081,5,1,Downtown,21,702025
1928,5,1,Downtown,20,500911
3385,5,3,Rural,21,701726
3192,1,2,Downtown,30,593970
2780,3,4,Rural,29,550905
1023,2,4,Suburb,10,236659
2893,1,1,Suburb,3,489255
3617,4,1,Downtown,0,749507
3093,3,2,Downtown,14,674132
2468,3,1,Downtown,11,534891
1601,4,4,Downtown,8,423654
2253,4,3,Suburb,10,518700
2336,4,3,Downtown,4,577553
3644,2,2,Suburb,23,619828
3341,5,3,Suburb,6,649623
2796,3,1,Downtown,7,627279
2594,5,1,Downtown,0,570144
1644,5,1,Downtown,24,484986
2761,4,1,Downtown,0,644905
2786,2,2,Suburb,2,467473
1579,1,3,Suburb,7,330317
2897,2,4,Suburb,27,468184
606,5,3,Suburb,10,224747
3378,2,1,Suburb,0,611611
547,4,4,Suburb,13,191016
836,1,2,Suburb,0,291945
1549,4,1,Downtown,5,463272
3351,1,1,Downtown,20,673673
1780,5,4,Suburb,26,416791
2555,1,2,Suburb,5,479164
1124,1,4,Suburb,2,314022
2390,1,2,Suburb,9,462512
1776,2,1,Suburb,11,393767
2215,2,3,Suburb,9,415915
3266,5,1,Suburb,21,621426
802,1,3,Suburb,1,227131
1138,3,3,Suburb,23,298889
555,5,2,Suburb,30,203337
1225,1,4,Suburb,27,267504
1025,1,2,Rural,21,166100
973,2,1,Suburb,12,254365
527,5,4,Suburb,15,200925
2625,1,3,Suburb,12,521590
3787,1,3,Suburb,3,655713
3957,5,1,Downtown,3,799743
864,3,4,Rural,29,176228
3213,5,1,Downtown,10,664690
1025,5,1,Suburb,22,324842
3246,3,2,Suburb,13,644014
1835,5,1,Rural,2,450362
1382,1,4,Downtown,26,373198
1530,5,1,Suburb,18,443945
1526,3,4,Suburb,21,376638
2146,4,3,Suburb,24,442813
1418,5,1,Downtown,0,447784
3297,2,4,Suburb,4,542841
2910,1,3,Suburb,16,539627
2274,1,4,Downtown,0,495578
2031,2,3,Suburb,18,454507
3845,2,2,Suburb,18,656449
3353,5,1,Suburb,3,695415
3286,2,1,Rural,18,534800
2406,4,3,Suburb,5,512599
3586,3,2,Rural,27,571842
1715,2,4,Rural,14,373931
2154,2,2,Downtown,3,521679
984,4,4,Downtown,23,320419
2575,1,4,Suburb,0,494105
1213,1,1,Suburb,23,260105
1562,5,3,Suburb,26,369928
2476,4,1,Suburb,16,519096
1796,3,1,Suburb,10,386117
1754,3,1,Suburb,16,416510
2633,4,4,Downtown,22,576626
625,3,1,Rural,0,275466
3359,1,4,Suburb,8,593515
1036,3,3,Rural,13,255783
2692,3,4,Downtown,14,595645
3783,4,4,Rural,23,699562
2572,4,2,Downtown,28,570139
2103,3,1,Downtown,30,490641
3965,2,1,Downtown,0,770234
566,4,1,Suburb,1,220543
732,5,1,Rural,17,211355
2656,5,2,Suburb,17,582377
1669,1,2,Rural,5,360867
2658,3,2,Suburb,19,470771
2775,2,2,Suburb,7,486213
610,1,1,Rural,0,118173
1993,3,4,Downtown,14,498204
2581,4,3,Suburb,9,563908
1122,5,2,Rural,29,260010
3940,2,4,Rural,3,744174
3295,5,2,Rural,9,623701
3142,4,1,Rural,10,634369
2972,3,1,Downtown,4,656056
3160,4,4,Rural,8,567257
2041,4,4,Suburb,4,449609
3239,5,4,Rural,28,581677
1805,2,1,Suburb,10,340420
3891,4,1,Suburb,2,734053
2261,5,3,Suburb,26,457192
2475,2,4,Suburb,3,483002
2862,3,3,Downtown,9,668289
1376,3,2,Rural,6,331301
2489,1,3,Rural,0,426636
3948,5,2,Downtown,26,777038
1812,2,2,Suburb,5,374766
1960,4,3,Suburb,7,509134
3209,3,4,Suburb,16,572699
2824,2,2,Downtown,23,570547
2233,5,4,Rural,6,492911
2105,1,1,Suburb,0,452215
2026,3,2,Suburb,8,425920
3171,2,1,Suburb,10,556770
3063,2,3,Downtown,18,620135
3921,2,4,Suburb,1,746590
3390,5,3,Downtown,22,708314
2897,5,2,Downtown,10,629367
2130,5,1,Suburb,2,500806
3370,4,2,Rural,16,570792
1660,2,3,Suburb,9,353440
1258,3,4,Downtown,28,386041
3446,5,4,Suburb,2,721145
742,5,2,Rural,21,235984
3090,2,2,Suburb,2,631280
1563,5,1,Rural,20,421746
728,4,3,Suburb,24,265123
3095,4,2,Suburb,6,574217
1419,5,1,Downtown,1,385453
1746,2,2,Suburb,0,423405
505,2,4,Suburb,6,197092
3893,2,1,Suburb,19,734017
967,1,1,Rural,10,164890
2255,5,2,Rural,22,461414
574,2,3,Downtown,5,281976
503,4,4,Downtown,22,241556
2370,3,3,Suburb,3,522944
1145,3,1,Downtown,18,340067
617,2,3,Suburb,27,186392
3428,3,1,Rural,20,568691
2129,3,3,Rural,18,418892
3051,1,2,Suburb,13,610434
2521,4,3,Rural,2,517791
1446,4,1,Suburb,3,350148
3121,1,4,Downtown,7,653016
1964,1,4,Suburb,17,354753
693,3,4,Suburb,3,292583
1346,5,1,Suburb,10,333651
3262,3,3,Downtown,15,672481
1915,1,4,Suburb,2,431039
3597,4,4,Suburb,6,667545
1958,3,4,Rural,1,405195
2720,5,2,Suburb,0,622719
3871,3,1,Suburb,25,627984
2168,2,1,Suburb,0,473007
2873,3,1,Downtown,5,613312
1933,1,1,Suburb,18,415209
1641,4,1,Rural,6,345325
3383,4,2,Suburb,23,602847
2310,1,3,Rural,4,396209
1223,2,2,Downtown,20,316533
724,1,4,Downtown,27,225405
1031,3,2,Rural,17,233593
612,1,1,Rural,23,78563
2687,1,2,Rural,25,445201
1058,2,1,Suburb,12,273654
2548,3,2,Rural,0,486403
2637,5,1,Rural,9,545155
1153,5,4,Rural,8,317498
819,4,1,Suburb,16,225390
2073,1,2,Suburb,0,401924
2328,4,4,Rural,0,482617
2417,2,2,Suburb,6,469435
638,5,4,Suburb,3,227916
3392,1,3,Suburb,27,618493
2526,2,3,Suburb,22,447735
2806,2,3,Suburb,20,483634
1401,1,2,Downtown,11,350375
1189,2,2,Rural,15,243877
2539,1,4,Suburb,13,485893
509,1,4,Suburb,22,180530
760,3,4,Downtown,9,316617
2442,4,4,Downtown,13,563247
2173,2,1,Downtown,6,506549
2719,2,3,Suburb,3,478050
3445,3,1,Downtown,1,738581
2560,3,1,Rural,23,458855
1691,3,1,Downtown,17,485748
2119,5,1,Downtown,15,566594
820,5,3,Downtown,8,339081
1842,5,1,Downtown,4,502942
2136,1,4,Suburb,8,447922
2876,2,2,Rural,30,423596
3332,4,4,Suburb,24,630993
3324,1,2,Downtown,29,670643
2494,2,4,Downtown,7,562446
3458,2,4,Suburb,23,590569
2443,3,2,Rural,19,466884
2538,3,3,Downtown,15,526399
3990,1,1,Suburb,29,659256
1618,3,4,Suburb,19,373715
2104,2,3,Downtown,29,471895
2865,3,1,Suburb,17,574633
735,5,3,Downtown,3,374264
2469,3,3,Suburb,15,459538
833,2,1,Downtown,3,292671
2408,1,4,Suburb,5,430690
875,4,3,Downtown,2,327284
1660,3,4,Rural,17,319367
3135,2,4,Downtown,14,641232
2070,4,4,Rural,7,465091
3060,4,1,Rural,17,605210
1819,5,2,Rural,23,366695
3891,4,4,Suburb,22,717951
3465,2,2,Suburb,2,603763
2355,2,2,Suburb,5,433263
1872,3,3,Downtown,21,429948
1372,3,4,Suburb,25,331099
1752,3,4,Downtown,29,439367
2817,4,4,Rural,20,552177
2351,4,2,Downtown,28,552421
3345,5,1,Suburb,23,633314
1814,3,2,Suburb,14,433583
1224,1,4,Suburb,26,281698
3736,5,4,Suburb,11,717019
2552,1,4,Downtown,4,517552
3398,4,2,Suburb,6,643974
3950,5,4,Downtown,21,762745
577,5,3,Rural,26,230531
3981,2,4,Suburb,14,727812
3121,4,1,Rural,6,564368
631,4,3,Downtown,12,255694
1100,5,4,Downtown,24,342904
2272,4,3,Downtown,2,552107
1565,5,4,Downtown,25,398291
2636,2,1,Downtown,22,577234
2949,5,4,Suburb,12,642389
2843,4,3,Downtown,25,624180
2363,4,1,Suburb,2,536742
1818,5,2,Rural,28,396463
1115,5,1,Suburb,1,360205
3347,5,1,Suburb,27,616045
2969,3,1,Suburb,22,605064
2388,4,3,Suburb,3,500579
1546,4,1,Downtown,16,422036
1074,3,4,Suburb,5,370716
2690,5,1,Suburb,10,566900
1492,2,1,Rural,5,330982
3212,5,4,Suburb,21,656236
2692,5,4,Suburb,1,542815
1748,3,2,Suburb,16,356208
3554,4,1,Downtown,2,802177
1002,5,3,Suburb,11,336675
2497,4,1,Suburb,13,521044
1320,1,1,Downtown,1,330931
2651,4,4,Downtown,21,596252
3610,2,2,Downtown,28,695954
2470,2,1,Suburb,27,470296
697,5,3,Downtown,21,345619
2169,4,1,Suburb,28,431344
3126,5,3,Suburb,4,614879
2938,3,4,Suburb,9,602992
1702,2,2,Rural,9,399681
3101,5,1,Rural,20,620428
1971,3,2,Suburb,8,466583
3586,5,1,Downtown,29,736655
2146,4,3,Suburb,20,469883
2192,4,2,Suburb,12,484380
1812,4,1,Suburb,9,421137
2535,4,4,Suburb,5,577589
977,1,3,Downtown,10,320025
1754,3,2,Suburb,3,388123
1422,3,1,Downtown,25,328933
919,4,2,Suburb,13,282943
2704,1,1,Suburb,29,441960
3097,4,3,Suburb,30,595260
1620,1,4,Downtown,16,344724
3568,4,3,Suburb,19,713895
3544,2,2,Suburb,1,671133
3982,2,2,Downtown,9,778104
1450,5,1,Suburb,2,427666
2836,4,3,Suburb,6,591133
1777,3,1,Suburb,6,416954
2743,5,3,Suburb,0,634491
3145,2,2,Suburb,7,580715
2357,4,1,Suburb,22,509703
1016,5,1,Suburb,0,300806
2158,4,3,Suburb,7,479078
2365,2,4,Suburb,13,529529
3412,5,3,Downtown,13,753245
1641,2,4,Downtown,1,412570
3353,1,3,Downtown,7,653886
2432,2,2,Suburb,18,466170
3730,4,1,Suburb,9,717451
1314,3,3,Suburb,6,319130
2775,2,2,Downtown,12,589096
2400,3,3,Rural,21,464909
2763,1,1,Suburb,20,494649
3495,5,3,Rural,14,664452
2562,5,4,Suburb,10,564523
3728,3,1,Suburb,25,658383
3832,5,4,Downtown,13,806358
3728,2,2,Downtown,10,742605
2594,3,2,Downtown,1,622046
2871,4,3,Suburb,1,599201
3391,2,4,Suburb,28,583981
629,2,4,Suburb,11,200262
3982,2,1,Suburb,14,669011
594,4,4,Rural,16,224921
3174,1,4,Downtown,13,551308
3302,5,1,Downtown,24,732040
2455,3,1,Suburb,15,527610
3863,1,4,Suburb,26,565531
1293,3,3,Suburb,7,365208
2334,5,1,Suburb,23,537919
3854,4,1,Downtown,16,763398
2616,2,4,Suburb,4,472646
2183,2,4,Rural,11,381317
510,4,1,Downtown,5,258744
3825,1,4,Rural,30,653232
2365,1,1,Rural,17,394279
3419,3,3,Downtown,25,705010
3097,4,3,Downtown,30,640828
3705,1,1,Suburb,4,653402
1211,4,1,Suburb,5,289508
2570,5,2,Suburb,8,523088
1314,2,2,Suburb,14,341893
845,2,4,Suburb,9,233078
2849,2,4,Downtown,16,590370
862,4,1,Rural,28,285491
2943,4,1,Suburb,25,572621
2765,3,2,Suburb,18,531223
2688,2,2,Rural,11,518383
3505,3,1,Suburb,8,658120
3781,2,3,Downtown,14,732750
1484,3,3,Suburb,13,379504
3540,3,4,Suburb,0,671003
2139,5,1,Downtown,16,558478
1327,3,1,Rural,0,305575
3230,4,4,Downtown,22,701934
3551,3,2,Suburb,28,657290
855,2,2,Suburb,20,221488
3555,3,3,Downtown,21,704477
1847,1,1,Rural,12,261720
3704,2,2,Rural,30,651413
3435,1,3,Suburb,29,548611
2363,2,3,Downtown,7,485376
626,4,3,Downtown,29,261759
3677,4,2,Suburb,12,645761
3556,4,2,Downtown,15,742428
1103,1,1,Suburb,1,275280
3949,5,1,Rural,12,715754
2428,2,3,Suburb,17,446859
1513,4,3,Rural,2,334148
550,2,2,Suburb,12,208944
3600,1,2,Suburb,18,574188
3867,5,1,Rural,12,705780
3868,1,1,Suburb,18,616317
3326,2,4,Rural,3,608962
1930,5,1,Downtown,18,491413
2292,5,2,Downtown,17,573202
3361,1,3,Rural,24,587636
2136,4,4,Suburb,5,513393
3976,2,1,Rural,18,637737
3917,3,1,Rural,24,682834
2145,3,2,Downtown,30,515392
2967,1,4,Suburb,3,562944
1705,2,1,Suburb,3,396610
3530,2,3,Suburb,23,573000
3372,1,2,Suburb,6,620234
3572,2,4,Downtown,30,652012
2354,4,1,Suburb,6,527041
1066,1,1,Suburb,25,254184
2918,4,4,Downtown,22,643398
1435,2,2,Rural,25,276931
2434,1,4,Suburb,15,489583
3208,2,4,Rural,26,560509
3516,1,2,Suburb,15,622045
1832,2,1,Downtown,4,412768
3708,4,3,Suburb,14,714083
701,4,2,Downtown,22,352511
2860,2,3,Rural,3,474295
616,1,1,Downtown,23,241303
1436,3,4,Suburb,24,357087
1074,4,3,Suburb,12,360866
2791,4,1,Suburb,27,573422
1036,3,1,Downtown,18,327720
2125,2,4,Suburb,6,445428
2622,1,4,Suburb,11,474258
885,2,1,Downtown,25,314328
3781,5,1,Rural,8,662681
974,4,3,Suburb,16,275464
917,5,1,Suburb,1,329935
2894,4,1,Suburb,15,614228
3187,4,3,Downtown,6,681636
1438,5,2,Rural,30,312230
1454,5,3,Suburb,28,363774
1375,2,3,Downtown,17,348241
1262,5,4,Suburb,6,353671
1702,2,3,Suburb,0,362245
1705,2,1,Suburb,30,332708
1163,2,1,Suburb,2,240972
524,4,1,Downtown,30,267605
2490,4,2,Downtown,20,583742
1703,5,1,Rural,29,421402
1209,4,2,Downtown,27,390162
2379,5,1,Rural,29,502131
1684,4,3,Downtown,10,461480
2724,1,4,Rural,21,404723
784,1,1,Suburb,14,212004
562,5,2,Suburb,28,239671
1502,4,2,Downtown,24,442196
1161,4,4,Downtown,24,377174
3213,2,1,Downtown,2,646054
2703,3,3,Downtown,29,625195
1992,5,1,Suburb,23,481254
3620,3,1,Suburb,12,681196
1466,3,4,Suburb,3,370559
1348,5,1,Suburb,22,362035
1607,4,3,Suburb,21,380545
3932,5,2,Suburb,7,697693
1188,3,4,Suburb,21,269747
647,4,3,Suburb,3,237822
841,1,2,Suburb,17,222669
3023,5,4,Rural,6,547899
1586,5,4,Downtown,10,442265
2224,4,2,Downtown,30,494120
1883,1,2,Suburb,28,357953
3108,1,3,Downtown,26,603794
826,4,1,Rural,3,231526
2292,2,1,Rural,12,404582
2259,5,1,Downtown,8,540441
3712,5,1,Downtown,8,767096
1489,3,1,Suburb,22,339816
2762,4,3,Suburb,20,593754
2982,3,4,Downtown,18,588925
1451,3,3,Suburb,2,408175
1222,1,3,Suburb,24,222285
3889,5,3,Suburb,24,767989
2579,3,4,Downtown,11,551576
3217,1,3,Suburb,28,527221
2832,4,3,Downtown,10,664306
3876,3,4,Rural,19,674853
928,5,3,Suburb,10,310505
2000,3,1,Suburb,16,415688
785,4,2,Rural,28,202306
3715,3,3,Rural,25,636945
3995,5,2,Suburb,20,662443
3590,1,3,Downtown,13,619889
2565,5,3,Suburb,15,561520
1268,1,1,Suburb,23,302683
3137,2,4,Downtown,9,672457
1894,5,2,Rural,30,375390
3746,5,4,Downtown,30,767685
3557,4,1,Downtown,3,674746
693,3,1,Downtown,9,274408
3049,1,2,Suburb,25,557061
1487,1,4,Suburb,19,303525
1636,4,1,Suburb,28,367448
2661,4,3,Suburb,11,547751
3793,3,3,Suburb,29,718435
2201,3,3,Suburb,8,454809
1446,5,4,Downtown,14,435079
1330,2,3,Rural,8,327082
2420,3,3,Downtown,6,540150
3835,4,1,Rural,25,631154
3472,3,1,Downtown,23,728852
554,1,3,Suburb,11,202568
1299,2,3,Downtown,27,271350
1277,5,1,Downtown,19,398644
1981,1,2,Rural,23,343485
2401,1,4,Rural,13,458210
2709,2,4,Suburb,21,504919
3951,5,1,Suburb,15,762628
2634,4,4,Suburb,28,533010
554,5,1,Rural,18,201117
2323,3,1,Suburb,22,505367
1701,1,1,Suburb,2,329382
3962,3,1,Suburb,10,709737
3920,4,2,Suburb,22,725822
3579,3,3,Rural,20,586708
1332,5,3,Downtown,19,463762
812,3,2,Downtown,18,293774
3306,4,4,Suburb,7,673638
2358,4,4,Suburb,19,465975
2507,4,3,Downtown,7,600402
2506,5,4,Suburb,25,554798
2990,4,3,Rural,2,604726
2290,1,3,Downtown,9,541650
827,4,2,Suburb,12,255303
3625,3,4,Suburb,8,670151
3308,3,2,Suburb,5,605843
3810,3,3,Rural,14,664613
3800,5,3,Suburb,15,754924
3126,3,3,Suburb,4,623207
3622,5,1,Suburb,20,752523
3554,5,1,Suburb,12,715806
1787,4,1,Suburb,18,410067
3989,1,2,Rural,1,634598
2643,4,3,Suburb,5,577440
1611,4,4,Downtown,26,420955
3649,5,2,Downtown,0,804021
1811,5,2,Downtown,14,474907
3691,3,2,Downtown,14,765671
3361,3,4,Rural,13,612740
3038,4,3,Suburb,6,639468
951,2,1,Suburb,30,244224
2023,2,3,Suburb,4,391690
664,3,3,Rural,19,179639
681,2,2,Suburb,24,159738
3016,3,2,Rural,25,542939
1409,5,2,Suburb,15,332471
3282,4,1,Rural,16,615116
1322,1,1,Suburb,10,179714
1443,4,1,Downtown,14,436748
2501,3,3,Suburb,19,463040
2554,3,2,Suburb,15,479483
829,4,4,Downtown,2,373506
1274,3,3,Suburb,5,335694
2698,2,1,Suburb,20,530090
3656,2,4,Downtown,22,666240
646,3,4,Rural,12,223757
3952,3,2,Suburb,0,728676
1414,2,4,Rural,28,277629
2071,3,1,Suburb,20,475359
1808,3,2,Suburb,13,363313
3247,4,4,Suburb,1,673441
581,1,2,Suburb,1,197712
1013,2,4,Rural,26,209557
2420,4,3,Downtown,14,526176
3362,1,3,Rural,26,541570
3256,3,1,Rural,17,556849
2439,3,3,Suburb,8,533456
1245,4,3,Rural,25,294503
3570,3,3,Suburb,2,653191
1909,5,4,Rural,3,390222
1206,4,4,Suburb,14,313009
970,1,2,Downtown,4,328587
3690,4,4,Rural,29,657843
895,2,3,Suburb,19,229844
2055,4,4,Suburb,19,500211
2808,3,1,Suburb,4,544764
1304,3,2,Downtown,9,352350
1433,5,2,Suburb,15,392073
1779,5,4,Rural,30,399437
2257,5,3,Downtown,24,526946
1404,1,2,Downtown,11,325670
3797,5,1,Downtown,24,818962
1576,1,1,Suburb,29,294410
3487,5,2,Suburb,13,646494
2390,1,3,Suburb,21,443286
2023,4,3,Rural,10,450288
3401,4,4,Suburb,27,637432
1887,3,4,Downtown,29,460164
1803,1,2,Rural,18,291030
1092,2,4,Suburb,5,297648
3261,3,4,Suburb,9,591494
3729,4,4,Suburb,19,709505
3179,1,1,Rural,2,567880
2606,5,4,Suburb,21,552861
627,2,2,Suburb,14,162987
1235,4,3,Suburb,10,299488
3268,3,4,Downtown,21,706994
3686,1,3,Suburb,1,628856
3780,2,4,Suburb,24,685954
3073,1,2,Downtown,23,591501
1020,5,1,Downtown,5,347879
3099,3,2,Downtown,16,622867
736,1,1,Suburb,27,234395
1804,4,4,Rural,17,488289
3930,3,4,Rural,30,659981
3772,4,1,Suburb,3,711209
2281,1,2,Suburb,22,371001
1801,3,2,Rural,8,322653
3806,4,1,Downtown,9,746182
3041,5,4,Suburb,20,602800
2551,5,1,Suburb,25,536887
3213,1,4,Downtown,1,651654
941,3,1,Rural,30,227776
2576,2,4,Rural,28,469601
3680,3,1,Downtown,10,713582
3157,5,3,Downtown,10,691426
1304,4,4,Downtown,10,384677
574,2,2,Suburb,0,168098
3385,1,1,Suburb,25,523530
3717,2,2,Suburb,13,644476
2675,1,1,Downtown,28,448821
2589,2,2,Rural,29,415364
1879,1,2,Suburb,0,398205
540,1,1,Downtown,20,216405
3481,2,1,Suburb,29,613792
2581,2,2,Suburb,22,520566
3588,1,2,Suburb,24,592346
2200,5,2,Downtown,8,572459
3724,2,4,Downtown,23,681387
3545,3,4,Rural,0,650074
1901,4,3,Rural,20,399756
1087,1,4,Suburb,21,248276
2122,1,4,Suburb,21,385699
841,4,1,Suburb,3,292730
2574,5,3,Suburb,0,578025
3858,4,3,Suburb,18,677780
1145,2,4,Rural,9,278205
1230,4,1,Suburb,30,277423
667,1,1,Suburb,14,159729
1109,4,3,Suburb,19,314609
2815,3,1,Rural,3,547187
2272,2,2,Suburb,28,439401
2540,4,4,Downtown,19,581767
3368,1,2,Suburb,13,558099
954,2,3,Suburb,4,243390
3453,1,3,Suburb,28,528439
2208,5,1,Suburb,14,469636
3972,3,1,Rural,14,651551
3469,5,3,Suburb,26,674750
3528,3,3,Rural,24,685884
1201,4,2,Downtown,15,397954
3181,2,2,Rural,15,484804
2099,4,1,Suburb,3,426321
629,3,2,Suburb,24,171385
3567,3,1,Suburb,8,614395
2345,3,1,Downtown,0,533276
1886,1,4,Suburb,4,385763
3366,2,1,Suburb,8,578111
1192,4,2,Downtown,19,363109
3863,4,3,Suburb,4,742056
1894,5,3,Suburb,3,482069
1293,3,2,Downtown,28,360633
528,3,3,Downtown,15,264112
648,3,1,Suburb,1,235078
1819,4,3,Suburb,25,377424
2558,5,2,Rural,15,494835
3223,1,3,Rural,17,496766
1636,2,1,Suburb,1,409361
686,1,1,Suburb,15,143823
3354,4,2,Suburb,28,663663
3291,3,2,Suburb,0,589865
1750,2,2,Downtown,15,440523
1833,4,4,Suburb,2,462114
597,4,4,Suburb,14,270110
554,4,1,Downtown,29,232856
3170,2,4,Suburb,10,590428
3211,2,4,Rural,9,544631
1257,5,3,Suburb,16,325952
905,5,4,Suburb,3,314066
2616,1,3,Rural,16,470817
3883,2,2,Suburb,3,681596
1812,2,3,Downtown,18,433675
2285,2,3,Suburb,24,411518
1250,5,2,Suburb,0,336203
3719,4,2,Suburb,13,695118
2262,3,1,Downtown,23,498366
3815,5,1,Suburb,10,762283
3505,2,1,Rural,24,554204
864,5,1,Suburb,27,347359
2526,1,3,Rural,6,389132
981,2,3,Suburb,16,257992
2748,1,1,Rural,3,470648
653,2,4,Downtown,9,239500
2024,5,1,Suburb,16,462346
2620,4,4,Downtown,3,620165
3260,3,2,Suburb,30,623825
2843,1,3,Suburb,18,501923
1540,5,3,Suburb,17,403954
2164,4,4,Rural,16,398691
1740,5,1,Rural,5,400472
560,1,3,Downtown,27,218831
1438,3,4,Suburb,6,281210
2139,5,2,Suburb,5,498277
2589,2,2,Suburb,24,479304
524,4,3,Rural,11,235694
1562,5,1,Suburb,8,411313
630,4,4,Rural,17,221895
1752,2,3,Downtown,30,394655
607,3,2,Suburb,30,220011
671,3,1,Suburb,1,256519
1958,2,4,Downtown,24,400502
601,4,3,Suburb,16,243479
3413,5,4,Rural,20,677417
3071,2,1,Suburb,0,610164
2822,1,1,Suburb,22,502121
2136,4,2,Suburb,8,482051
3615,3,1,Downtown,5,754697
3364,2,3,Downtown,29,611434
3504,3,4,Suburb,1,678831
1540,4,1,Downtown,5,376873
829,3,1,Rural,8,252221
2020,2,3,Suburb,2,409457
511,4,4,Rural,15,189056
1841,1,4,Suburb,24,335489
715,2,2,Rural,23,173019
838,5,2,Suburb,14,299362
2299,2,4,Suburb,28,459479
3208,4,3,Rural,11,639185
3652,2,3,Suburb,22,647256
2250,1,2,Downtown,7,430652
2008,1,1,Suburb,25,415369
2921,5,3,Rural,5,538991
3523,3,1,Suburb,2,653782
1209,4,3,Suburb,22,304639
1723,4,4,Suburb,3,415797
3013,3,2,Rural,26,498045
1612,1,1,Downtown,9,343439
1791,1,1,Suburb,13,355004
988,2,4,Downtown,20,274266
2061,5,3,Suburb,23,506533
546,5,1,Suburb,14,231374
3859,5,3,Downtown,6,772000
1277,2,4,Downtown,6,405705
1539,5,2,Suburb,7,417948
1210,3,1,Downtown,9,444009
900,2,3,Downtown,18,229331
2317,3,1,Rural,18,445783
3528,2,3,Suburb,1,662768
3657,5,3,Suburb,14,715385
749,3,3,Rural,0,211490
890,3,4,Downtown,9,351869
834,3,2,Suburb,5,274092
1128,2,1,Suburb,21,217523
636,4,2,Suburb,12,217319
3430,5,3,Rural,9,620580
3235,3,3,Rural,11,580615
2021,4,2,Suburb,23,468616
1326,5,2,Downtown,29,388523
1226,5,1,Downtown,5,401306
2000,3,3,Suburb,5,405629
3141,3,2,Downtown,0,683990
3794,2,4,Suburb,11,715079
1489,4,3,Suburb,22,360377
2919,4,3,Downtown,22,673251
1434,3,1,Rural,9,299778
3542,5,4,Downtown,24,695391
901,3,1,Suburb,13,286281
1966,5,4,Suburb,14,458024
1114,5,1,Suburb,27,302663
1796,3,4,Suburb,22,389700
1682,1,4,Downtown,23,331768
3723,4,4,Suburb,3,663008
3542,5,2,Suburb,24,690077
3167,5,3,Rural,30,608081
2735,1,4,Suburb,29,523066
1621,2,2,Suburb,0,389749
630,1,2,Suburb,7,206561
3352,1,1,Rural,2,608913
1694,5,3,Downtown,13,485797
3483,4,3,Suburb,16,656124
3533,1,1,Suburb,1,656322
682,2,3,Suburb,14,234568
3530,3,1,Downtown,5,714266
863,1,2,Suburb,4,189456
538,1,2,Downtown,13,164148
3044,2,4,Suburb,18,583872
1872,4,1,Suburb,8,447160
3529,1,2,Rural,7,610923
1420,1,2,Suburb,28,311392
3968,4,1,Downtown,2,776229
3269,2,2,Downtown,17,587049
3732,1,3,Rural,7,638276
515,4,2,Downtown,15,308182
992,1,1,Suburb,29,230356
1949,3,3,Downtown,14,423759
1631,5,3,Suburb,20,411871
3441,3,2,Suburb,14,608408
810,1,4,Suburb,15,160228
1238,2,3,Suburb,24,281470
3741,5,1,Rural,0,716025
1045,3,4,Suburb,9,284791
2961,4,4,Suburb,18,599294
750,2,3,Rural,4,174782
1258,3,2,Rural,17,284270
2304,4,4,Suburb,2,489039
3712,1,2,Rural,3,616249
1797,4,3,Downtown,3,484602
3987,3,1,Suburb,10,759839
2131,3,4,Rural,8,430419
2414,1,1,Downtown,0,530820
3610,4,2,Downtown,27,724807
1313,4,2,Suburb,24,347578
528,1,1,Suburb,30,180214
1457,4,3,Suburb,15,419926
2532,1,3,Suburb,8,508123
976,2,4,Rural,10,224747
817,3,4,Suburb,5,291890
744,2,3,Downtown,26,272071
1247,5,3,Rural,16,302834
1196,5,1,Downtown,26,400284
771,5,2,Downtown,28,283789
2271,1,2,Downtown,11,496579
1762,4,4,Suburb,21,455854
2924,2,3,Downtown,7,626278
765,2,1,Downtown,15,305649
3473,2,4,Suburb,4,625604
1420,2,1,Downtown,20,377426
3930,5,3,Suburb,0,790445
839,2,3,Rural,16,190695
888,4,3,Suburb,23,290711
3124,5,2,Downtown,28,684241
2550,2,3,Downtown,20,553344
4000,1,4,Rural,7,632098
1665,3,2,Downtown,9,469033
875,3,1,Rural,17,237769
2533,3,4,Downtown,14,552406
2871,5,4,Rural,19,558830
645,2,1,Suburb,12,203585
2481,5,2,Suburb,26,501282
792,4,4,Suburb,29,285475
931,1,4,Suburb,9,259543
1204,1,4,Suburb,8,303510
3496,3,2,Suburb,12,697796
2498,3,2,Suburb,2,518393
3132,3,2,Downtown,21,589128
898,2,4,Downtown,26,297566
3364,4,3,Suburb,22,660349
3915,4,1,Downtown,2,841865
1463,4,3,Suburb,0,411913
3711,4,2,Downtown,1,769670
2734,3,4,Suburb,10,535771
2541,1,4,Downtown,13,548259
2328,3,3,Suburb,9,400552
2608,4,3,Downtown,6,602442
1438,3,1,Downtown,22,412070
3951,4,4,Downtown,27,772020
1209,5,3,Rural,0,319885
1306,1,1,Downtown,25,329745
1963,5,2,Suburb,6,508933
3890,2,3,Downtown,14,753031
1825,3,2,Downtown,25,418439
3915,2,1,Suburb,10,733759
510,3,2,Suburb,5,253849
1585,5,4,Rural,26,337530
2368,4,4,Rural,21,548157
2773,4,2,Suburb,6,569930
3724,3,4,Suburb,6,721053
3111,4,1,Suburb,0,648474
1271,5,4,Suburb,9,340710
2094,4,2,Rural,20,410554
2107,5,2,Suburb,14,484081
1833,2,2,Suburb,29,309848
1384,5,3,Downtown,29,433229
3814,1,2,Downtown,7,658228
1889,1,1,Rural,23,330790
3901,1,4,Suburb,18,646999
3678,3,4,Suburb,2,707064
725,3,3,Downtown,22,210625
1324,3,3,Rural,14,244734
2765,5,1,Downtown,3,623847
1436,3,2,Rural,5,335965
3300,2,3,Downtown,24,647648
3053,1,4,Rural,9,550458
2806,5,3,Suburb,17,587137
2411,1,3,Downtown,15,496118
2296,3,2,Suburb,17,435253
553,5,3,Suburb,5,251249
3618,4,1,Downtown,18,734115
1226,2,4,Rural,16,196257
3236,3,2,Suburb,17,581693
2044,3,4,Suburb,29,431501
3670,2,1,Downtown,12,713885
1543,2,1,Suburb,6,337860
2413,4,3,Rural,19,454727
2276,3,3,Suburb,11,418113
2096,3,3,Rural,1,358139
2414,1,4,Rural,26,396899
2966,5,1,Downtown,11,708568
3237,5,2,Downtown,11,705657
1349,1,3,Rural,23,279992
2609,5,4,Suburb,3,533049
3716,2,3,Downtown,3,732894
2763,5,1,Downtown,17,606339
502,5,2,Suburb,15,218032
659,1,1,Suburb,13,208188
1280,4,4,Downtown,16,382387
3691,5,3,Downtown,16,726084
1392,5,1,Rural,2,359741
2530,4,4,Suburb,5,513015
3660,1,3,Suburb,22,583670
2876,4,2,Suburb,12,549540
1079,1,1,Suburb,8,315227
2433,2,3,Suburb,20,501322
1880,1,3,Suburb,8,313564
1790,2,3,Downtown,7,425849
2140,2,3,Suburb,16,421536
1451,1,1,Suburb,15,294669
3894,3,3,Rural,15,659183
3182,1,4,Suburb,26,573712
1487,5,1,Rural,27,374331
1718,5,3,Rural,18,421170
1420,3,1,Downtown,23,389903
3285,2,4,Suburb,15,616010
1855,3,4,Suburb,24,383915
669,5,1,Rural,13,190057
1020,3,3,Suburb,19,225917
1986,1,3,Suburb,13,359349
539,3,4,Suburb,13,201833
2060,2,3,Downtown,13,427506
3832,1,4,Downtown,11,679904
1918,4,3,Suburb,5,431348
1454,5,4,Suburb,19,405023
3797,5,2,Suburb,12,747580
1483,3,3,Suburb,15,321544
3695,1,3,Downtown,30,675642
1474,4,3,Suburb,8,333241
537,1,1,Downtown,1,203644
2875,5,3,Rural,21,510535
1774,1,1,Rural,26,322965
1699,4,1,Suburb,28,378366
2125,3,4,Downtown,2,502018
1413,2,1,Downtown,9,397128
953,1,1,Suburb,19,194032
536,2,2,Suburb,1,213402
3887,5,3,Suburb,26,796598
2211,3,1,Downtown,23,469187
3520,3,3,Suburb,9,612109
1295,1,1,Suburb,7,249515
1472,3,4,Suburb,16,356458
1092,1,2,Suburb,25,291189
1637,1,1,Downtown,21,425710
3611,2,3,Suburb,0,686997
1824,3,4,Rural,5,404979
2771,1,3,Suburb,6,523587
817,2,4,Rural,14,220303
2896,4,2,Suburb,17,586513
2662,2,4,Downtown,8,537307
3245,2,3,Suburb,7,651153
1846,1,3,Suburb,24,392963
2091,5,1,Suburb,30,440340
3611,5,4,Downtown,9,782104
2389,5,3,Suburb,28,554187
2587,2,1,Downtown,3,567610
2496,1,2,Downtown,19,499239
2272,3,3,Suburb,27,496692
1812,2,1,Suburb,7,392460
1785,2,3,Rural,0,338914
715,1,4,Suburb,7,165745
3718,4,1,Suburb,22,607767
2883,2,4,Suburb,11,600644
3739,4,2,Suburb,22,673744
2639,4,4,Downtown,24,610768
2900,5,1,Rural,14,543388
3118,1,3,Suburb,12,560709
3363,4,1,Rural,15,632942
2204,1,4,Suburb,25,368426
3328,5,4,Downtown,22,735911
862,1,3,Suburb,30,193353
3104,2,2,Downtown,17,635179
3916,4,1,Suburb,0,791036
2216,1,3,Downtown,16,488589
1693,3,3,Suburb,15,376105
855,1,3,Rural,22,234571
690,4,1,Suburb,4,258160
2969,5,1,Rural,19,579144
1199,5,1,Suburb,20,334941
2554,4,2,Suburb,9,497332
2680,2,3,Rural,25,426926
1056,2,4,Rural,5,226774
1325,5,4,Suburb,11,337338
3308,5,3,Downtown,30,687870
1554,4,4,Suburb,9,408885
3082,2,2,Downtown,21,599028
925,5,2,Suburb,16,309349
3965,2,1,Suburb,1,698573
3219,5,1,Rural,18,691201
2910,1,1,Rural,19,532747
2074,3,1,Suburb,5,438672
2629,1,1,Downtown,27,525516
2903,5,4,Rural,27,518238
3829,3,4,Downtown,26,731918
1088,3,1,Suburb,12,273189
2512,5,2,Downtown,8,621087
2047,5,4,Suburb,11,448141
794,2,2,Rural,17,241832
2485,5,2,Downtown,7,593787
1747,4,3,Suburb,24,371968
2048,5,3,Suburb,17,471165
3617,4,1,Rural,24,670653
2190,5,2,Rural,22,472112
1636,2,4,Downtown,24,396097
1756,4,3,Downtown,21,478729
2564,1,3,Suburb,1,508095
859,4,2,Suburb,7,306494
3794,2,3,Suburb,9,671830
3413,4,3,Downtown,30,683471
1199,5,4,Downtown,8,395630
947,5,2,Suburb,27,280228
3403,2,3,Downtown,23,660620
2912,3,2,Rural,17,529631
1174,5,3,Downtown,30,425752
1507,1,4,Downtown,7,353906
1849,2,2,Rural,18,319749
3014,4,3,Suburb,2,629472
2961,4,4,Suburb,8,598296
1085,1,3,Downtown,12,280160
1756,5,2,Suburb,8,458863
1747,2,3,Suburb,30,343680
1493,1,2,Suburb,24,345679
1935,5,2,Rural,19,392746
1071,2,3,Suburb,11,252225
2882,4,4,Suburb,29,567130
1745,2,1,Suburb,22,400484
2584,3,4,Suburb,12,494195
1488,2,4,Downtown,7,397495
777,3,3,Suburb,14,207631
1719,2,4,Suburb,30,375352
3463,3,4,Suburb,28,611895
2387,4,1,Suburb,30,506613
983,5,4,Suburb,12,335562
1765,3,1,Rural,20,300272
3895,3,3,Downtown,12,768530
1230,4,1,Suburb,30,299329
2739,3,2,Suburb,30,535805
1540,1,2,Suburb,16,288778
3071,4,1,Suburb,14,589207
1417,1,2,Downtown,24,374504
2948,4,3,Suburb,21,614832
1385,3,2,Downtown,18,349927
3252,1,1,Rural,2,609691
521,3,3,Suburb,13,127688
973,4,2,Rural,29,253387
3691,3,3,Suburb,9,646116
2757,1,1,Suburb,16,508691
2853,1,2,Suburb,28,492101
3841,3,3,Rural,7,648621
1203,2,3,Rural,17,231328
1186,4,2,Downtown,11,353301
784,4,3,Suburb,16,263892
1215,3,3,Suburb,22,329492
1262,2,1,Downtown,29,389064
1750,1,1,Suburb,10,347373
1447,5,1,Rural,8,368014
2928,5,1,Suburb,21,633786
3007,3,1,Suburb,23,554582
1530,2,1,Suburb,23,303007
528,2,2,Suburb,24,233653
1406,4,1,Downtown,22,393507
3604,1,3,Suburb,24,623120
3426,2,2,Rural,14,541784
2626,5,3,Suburb,8,550186
3494,1,1,Downtown,11,719714
3006,1,1,Downtown,10,604784
1069,3,3,Downtown,16,333490
2506,2,3,Suburb,5,532711
1953,3,3,Suburb,27,356597
1237,2,4,Downtown,7,336108
3856,4,4,Rural,9,767650
1015,3,4,Suburb,24,266751
2500,3,4,Suburb,14,499293
3670,5,2,Rural,3,732874
2944,3,1,Downtown,28,641060
538,2,3,Rural,17,114654
3842,5,1,Downtown,10,809139
1386,3,3,Suburb,8,392574
3344,3,1,Rural,8,584307
2704,4,2,Rural,27,497427
1598,3,4,Suburb,7,373565
3431,1,1,Suburb,2,633480
2323,5,3,Suburb,20,465620
3701,1,1,Rural,17,514774
2210,5,2,Downtown,13,554965
1473,4,2,Rural,2,383926
3655,3,1,Suburb,16,662891
3593,3,4,Suburb,3,657638
2062,3,3,Suburb,20,424291
3396,5,2,Suburb,27,710326
3953,3,2,Rural,17,666013
3295,1,1,Suburb,30,581358
1488,3,2,Rural,14,284593
520,4,2,Downtown,18,236829
2850,1,3,Suburb,27,525851
1368,3,4,Rural,21,343231
583,3,3,Suburb,5,249120
2182,2,4,Suburb,14,371685
2476,5,3,Suburb,6,532802
1910,1,1,Rural,11,352668
2030,2,2,Rural,15,381287
3828,4,4,Downtown,8,718610
1069,5,1,Rural,19,252434
1433,1,2,Suburb,4,286897
3733,3,2,Downtown,10,737922
2480,1,2,Rural,1,382979
3734,3,3,Suburb,21,697107
2355,5,1,Rural,15,485461
3556,3,1,Downtown,3,689104
1292,4,2,Downtown,4,405608
1291,3,4,Suburb,6,284449
2309,4,1,Downtown,5,549787
1794,5,3,Suburb,23,372078
3039,5,4,Downtown,21,615206
2755,1,4,Suburb,9,490629
2107,4,4,Downtown,13,491562
1583,4,4,Downtown,7,451979
2977,2,1,Suburb,28,537990
1484,2,2,Downtown,13,442612
2180,2,4,Suburb,13,426045
3880,3,3,Rural,19,574018
1019,2,3,Suburb,27,184820
1090,4,2,Rural,22,235616
1550,3,1,Downtown,2,522036
2209,5,2,Downtown,0,560248
2535,1,4,Rural,28,455506
2746,2,1,Suburb,8,554116
2934,5,1,Suburb,8,574093
848,4,4,Suburb,21,212406
1459,1,3,Suburb,30,308119
2463,5,4,Downtown,1,531836
1192,1,2,Suburb,15,293130
2059,2,4,Suburb,7,418338
877,4,3,Suburb,25,285032
3446,1,4,Rural,5,591003
3463,5,2,Suburb,22,688155
1026,2,2,Downtown,12,315035
3724,2,3,Rural,0,657048
3281,5,2,Suburb,18,655533
2753,5,2,Suburb,14,537656
3002,1,4,Downtown,0,588484
3844,3,1,Downtown,9,822693
1759,2,2,Suburb,0,393273
2375,1,2,Suburb,27,463523
2263,5,3,Rural,11,448956
1020,1,3,Rural,10,182983
2201,5,4,Rural,28,416046
1516,4,4,Suburb,16,331447
3503,5,2,Suburb,3,653778
3273,5,1,Suburb,28,649946
1513,5,1,Downtown,22,424275
3048,3,4,Downtown,6,667465
616,5,3,Suburb,11,252088
2933,2,2,Rural,12,445853
1867,2,2,Downtown,4,459359
1083,1,1,Downtown,27,224538
894,3,4,Rural,5,245532
1587,1,1,Downtown,1,363909
3268,2,1,Suburb,20,597175
571,2,4,Suburb,6,156341
773,4,3,Downtown,13,336300
2513,5,2,Rural,24,504078
1843,2,3,Downtown,21,415124
837,1,4,Suburb,27,147707
1889,1,4,Downtown,13,474666
1106,5,2,Downtown,9,359696
665,5,3,Downtown,3,334638
2067,4,2,Downtown,2,489584
2558,3,1,Downtown,24,663025
1824,1,1,Suburb,22,356083
1228,5,1,Suburb,26,319759
3348,1,3,Suburb,13,607373
2543,5,1,Suburb,28,555952
601,2,2,Rural,5,186988
3996,1,3,Rural,22,637694
1915,2,2,Suburb,14,406465
1278,1,4,Rural,7,250040
713,3,3,Suburb,4,242191
1611,4,2,Suburb,2,376088
2076,2,2,Suburb,2,385497
2948,5,3,Suburb,12,627097
3135,3,4,Suburb,1,627439
3436,1,3,Suburb,23,631299
3617,2,1,Rural,0,634005
2195,1,1,Rural,11,381778
1091,1,4,Suburb,7,214356
1833,1,2,Suburb,18,355764
1609,4,2,Downtown,8,454156
2639,4,2,Downtown,27,524258
3220,5,3,Suburb,13,682071
1213,2,3,Suburb,27,253589
1435,3,4,Downtown,26,373367
2451,3,1,Rural,17,478583
741,3,2,Suburb,9,241931
2543,1,1,Suburb,8,515551
501,4,3,Downtown,5,299014
2772,2,3,Downtown,0,581350
3348,1,3,Rural,4,474593
2268,4,1,Suburb,9,521086
2449,4,4,Rural,24,437963
3136,2,4,Rural,12,573956
2663,2,3,Suburb,21,513156
1417,2,2,Downtown,22,354586
3674,1,1,Rural,3,646699
2741,5,3,Rural,0,576781
3737,2,1,Suburb,20,670401
3418,5,1,Suburb,1,640210
589,1,4,Suburb,23,166545
2209,5,3,Suburb,3,471065
2669,3,4,Suburb,16,491472
642,5,3,Rural,9,226466
3541,2,1,Suburb,22,673053
605,1,4,Downtown,11,240712
1386,2,1,Suburb,26,314838
927,3,3,Downtown,1,351163
1828,2,2,Downtown,2,415960
2395,2,4,Rural,13,388958
2494,2,4,Downtown,24,467481
816,4,1,Downtown,14,325332
2486,3,1,Suburb,12,530501
1134,2,2,Suburb,8,309482
2425,2,4,Suburb,1,457819
2556,2,3,Downtown,18,576065
3321,1,3,Downtown,15,694441
3644,4,4,Downtown,10,764829
3930,1,4,Suburb,11,723118
2770,4,4,Downtown,24,627695
1939,2,2,Rural,0,373959
1052,3,3,Suburb,1,276863
3941,5,3,Downtown,15,757758
1215,5,1,Suburb,26,322907
1787,2,1,Suburb,1,379945
2213,1,4,Suburb,25,400508
2383,3,1,Downtown,29,515073
3889,4,2,Suburb,18,656539
1607,2,3,Suburb,9,375421
1841,3,3,Rural,18,395003
610,3,1,Downtown,9,283631
750,4,4,Suburb,15,222420
2930,3,1,Suburb,12,578510
2554,1,4,Rural,15,438778
958,1,2,Rural,17,210934
1607,1,3,Downtown,23,414584
707,3,2,Downtown,7,283696
1399,1,3,Suburb,23,292296
3961,4,2,Downtown,17,761219
3885,3,1,Suburb,30,720400
521,5,2,Downtown,12,317232
909,3,2,Suburb,24,258847
1394,4,1,Rural,26,281506
1014,5,3,Rural,6,275601
3698,3,3,Suburb,27,612762
1308,1,1,Suburb,20,255347
1373,2,2,Rural,22,295231
513,2,2,Downtown,23,235823
1470,1,2,Suburb,24,301291
3525,2,4,Suburb,17,676279
3561,2,3,Downtown,5,708286
3583,1,2,Suburb,8,612135
2634,1,3,Downtown,28,496102
3456,3,2,Suburb,5,646449
2060,3,1,Downtown,17,468494
1824,1,1,Suburb,16,386189
1766,4,3,Downtown,11,476543
2669,2,3,Rural,2,478760
3718,3,1,Suburb,26,663252
1249,2,4,Suburb,4,324447
3927,5,1,Suburb,6,793378
1184,1,2,Suburb,9,213298
2427,4,4,Downtown,9,559914
2856,5,1,Suburb,18,593145
1194,5,4,Downtown,24,401544
2835,5,4,Downtown,25,633640
806,1,4,Suburb,27,206116
2489,3,3,Downtown,3,553241
3461,1,1,Suburb,9,585974
1161,3,3,Suburb,17,320676
1048,5,3,Suburb,2,359677
3923,5,2,Suburb,20,768005
811,4,2,Suburb,2,304544
3420,3,4,Suburb,4,619848
1582,5,4,Suburb,15,387077
3471,2,2,Downtown,19,705246
2237,4,2,Suburb,12,494237
1254,1,1,Suburb,10,279785
534,4,4,Suburb,25,207543
944,2,4,Rural,12,257637
2640,3,2,Rural,18,434887
2482,1,1,Downtown,27,504122
1730,1,2,Downtown,5,402502
852,3,2,Downtown,23,257225
1402,4,3,Downtown,12,456799
1855,5,4,Downtown,27,400532
3409,4,1,Suburb,3,671988
2248,2,3,Rural,24,419054
658,5,4,Suburb,21,228448
2477,4,2,Downtown,4,585868
1456,3,1,Suburb,18,333666
2571,2,4,Suburb,4,531291
903,2,2,Rural,20,310860
3352,2,3,Rural,13,589958
1015,5,1,Rural,30,290371
3279,1,4,Suburb,27,535595
1887,5,3,Suburb,27,442494
3953,4,2,Downtown,3,788760
3079,1,2,Suburb,11,574214
1455,4,4,Downtown,5,380469
2699,1,2,Suburb,18,454645
2212,5,1,Suburb,9,538201
3494,2,4,Downtown,0,700400
1107,3,3,Downtown,22,373765
2967,2,4,Downtown,22,603962
1773,5,4,Downtown,27,484243
3688,1,3,Downtown,15,678915
3413,2,2,Downtown,3,673141
2035,5,3,Downtown,8,556183
3125,4,1,Downtown,27,647453
2882,3,2,Rural,17,560806
1941,2,4,Suburb,30,377854
3479,1,2,Downtown,28,608461
2297,4,2,Suburb,16,450427
794,5,1,Rural,14,249948
1254,3,2,Suburb,18,337572
1894,1,2,Downtown,6,408147
685,5,2,Suburb,24,280704
1769,5,4,Suburb,17,431372
1136,2,2,Suburb,5,303586
1791,2,3,Suburb,18,361959
3808,1,2,Rural,20,626690
1029,5,1,Rural,11,321512
2568,2,2,Suburb,24,480685
3458,3,2,Suburb,2,640954
3414,3,4,Suburb,0,597568
1293,5,3,Rural,4,356196
2647,2,2,Downtown,0,543900
3299,1,3,Rural,7,542234
977,1,1,Downtown,6,258424
2122,1,4,Suburb,14,397397
3869,3,3,Rural,10,743276
1439,2,4,Downtown,17,379411
1025,2,2,Suburb,13,241426
2881,3,1,Downtown,26,582461
501,1,4,Suburb,8,123988
874,1,2,Downtown,4,243182
2840,5,3,Suburb,22,545314
3384,4,1,Suburb,3,672710
3552,2,1,Rural,11,625201
1052,2,3,Rural,28,222128
2865,2,3,Downtown,0,610845
2025,4,1,Suburb,29,411764
2351,5,4,Downtown,23,525202
880,4,1,Downtown,12,295361
2146,1,3,Downtown,0,435932
513,1,4,Rural,2,155710
1003,2,2,Rural,21,279861
2778,3,1,Downtown,7,568282
2508,2,3,Downtown,23,512942
3655,3,2,Downtown,17,727337
629,4,1,Suburb,24,221980
1337,1,1,Suburb,15,295539
3716,3,4,Downtown,19,711138
3438,4,3,Suburb,19,636290
2540,1,2,Suburb,30,445530
527,3,1,Rural,29,169847
2613,2,4,Suburb,15,535425
3734,2,2,Suburb,1,690399
1752,2,2,Suburb,16,359235
760,4,1,Rural,9,259924
2546,2,2,Downtown,6,575903
1972,5,1,Suburb,26,440700
1947,1,4,Rural,9,348671
959,4,4,Downtown,18,323037
800,2,2,Downtown,19,295627
3466,1,1,Suburb,26,596126
3874,3,3,Rural,8,640934
2834,2,4,Suburb,21,536285
3966,1,1,Rural,29,680589
3581,5,1,Suburb,16,748208
1129,3,1,Downtown,8,336977
769,5,2,Suburb,8,266452
3139,1,3,Suburb,4,623786
2493,5,2,Downtown,23,627951
2128,1,4,Downtown,6,477219
2301,1,2,Downtown,10,433784
3391,5,1,Suburb,7,663460
1361,1,2,Rural,24,217343
3932,2,1,Suburb,13,751171
1780,1,3,Rural,1,290233
2680,4,2,Downtown,9,657109
3847,1,2,Rural,20,623884
2299,4,2,Rural,23,415919
2206,1,1,Suburb,15,445504
3519,1,1,Rural,15,601735
3060,5,2,Downtown,18,633013
2860,2,2,Rural,26,492243
1075,2,3,Rural,30,262517
3433,3,3,Suburb,10,632653
2503,5,4,Suburb,5,600842
1807,5,3,Downtown,5,473707
3692,2,3,Suburb,6,619139
3678,5,3,Suburb,15,718056
2456,2,1,Suburb,12,432581
3234,5,3,Suburb,26,642847
2520,1,3,Rural,2,446154
3775,2,2,Downtown,23,690482
2712,2,1,Rural,23,530160
2852,4,4,Rural,8,549681
2155,5,4,Suburb,23,506181
2079,5,3,Downtown,2,567712
2347,2,4,Downtown,5,569880
2703,1,4,Downtown,24,495167
1890,1,4,Suburb,16,314776
2242,1,3,Suburb,2,486021
2425,5,4,Rural,1,530184
1119,4,3,Suburb,11,320639
1774,2,2,Suburb,23,359101
1456,3,2,Suburb,5,344081
2439,4,4,Rural,9,512685
2881,3,2,Rural,10,488837
1468,4,3,Rural,15,349520
3058,1,2,Suburb,26,563639
1816,5,4,Suburb,15,459698
1543,3,3,Rural,23,316308
781,4,1,Suburb,17,260070
3344,5,3,Downtown,26,744171
3572,3,2,Downtown,21,722258
2666,2,1,Downtown,22,600555
1558,4,3,Suburb,23,318419
697,2,1,Downtown,8,293751
3032,1,1,Downtown,20,560462
1582,2,1,Downtown,26,379113
3384,2,3,Suburb,18,650880
1684,4,2,Suburb,1,381529
1508,1,3,Suburb,23,366668
3238,2,2,Downtown,0,688870
1729,5,3,Downtown,25,481726
1535,3,3,Suburb,30,312289
989,2,3,Suburb,15,247958
775,1,2,Downtown,21,234499
3240,2,3,Downtown,17,602031
2789,3,1,Rural,2,559163
1739,1,3,Suburb,23,325719
1774,4,1,Downtown,0,470834
625,1,4,Downtown,5,234999
716,4,4,Rural,18,212975
3877,1,2,Suburb,21,676464
1708,3,2,Suburb,18,359520
3610,3,4,Suburb,10,702050
1746,1,3,Suburb,26,318022
3755,2,3,Suburb,7,675394
3042,3,3,Suburb,4,553102
2974,4,4,Suburb,19,619250
3749,4,1,Downtown,8,804125
1418,5,2,Rural,14,370176
3999,4,1,Suburb,20,744962
1817,5,4,Downtown,27,474466
2698,1,1,Rural,13,414833
2931,1,3,Rural,3,466008
2161,1,3,Rural,23,393665
807,2,1,Rural,23,182627
1859,2,4,Rural,7,321073
2469,5,1,Downtown,19,539190
3293,4,3,Rural,28,614997
1391,4,3,Rural,16,348869
874,1,4,Downtown,1,234082
3579,3,1,Downtown,19,712412
2533,2,3,Rural,15,466587
1864,2,3,Downtown,9,423090
628,1,1,Rural,1,200392
1514,2,1,Downtown,10,376757
2299,1,2,Downtown,9,434344
3216,5,4,Suburb,29,627561
3923,4,4,Downtown,29,810489
1881,3,1,Suburb,18,393786
1016,4,4,Suburb,24,256994
2018,4,3,Downtown,30,501546
585,5,1,Downtown,24,301502
1698,2,1,Suburb,13,361612
3764,3,1,Downtown,30,738914
2858,2,2,Suburb,10,517949
1642,4,4,Suburb,8,380299
3789,1,2,Downtown,6,734176
2974,4,3,Suburb,14,563108
2493,2,4,Downtown,19,573397
3985,4,2,Downtown,16,828631
2661,1,1,Downtown,2,512827
3716,5,2,Rural,14,737674
802,2,1,Rural,13,201866
3291,4,2,Rural,7,658194
1087,2,2,Suburb,3,284053
1486,5,2,Downtown,25,422584
2363,4,1,Suburb,9,497006
844,4,2,Suburb,1,212112
1313,2,4,Rural,13,301763
2487,2,4,Downtown,7,514837
3348,1,4,Downtown,22,658995
3572,5,1,Suburb,26,740019
3718,1,1,Rural,9,601373
1810,4,4,Rural,24,358401
2499,2,4,Suburb,17,508084
2177,4,4,Rural,14,428524
3624,4,3,Suburb,4,739117
1827,3,4,Rural,21,342314
1592,3,2,Rural,12,379946
2908,4,3,Rural,17,540028
3791,2,3,Suburb,30,668557
1509,4,1,Downtown,1,464818
1203,3,2,Suburb,12,323795
1074,2,1,Suburb,30,283220
2108,4,1,Rural,29,373520
3732,5,2,Downtown,13,764584
1612,5,1,Downtown,9,464697
1187,4,2,Suburb,29,286084
3328,2,2,Downtown,3,695324
3132,4,1,Suburb,14,600433
3136,4,4,Suburb,7,600496
3730,3,1,Suburb,14,713714
988,5,3,Downtown,13,333836
3518,3,1,Rural,30,577798
1847,3,2,Suburb,28,404298
3952,4,3,Rural,26,737115
3673,3,2,Suburb,20,675800
993,5,4,Downtown,8,322475
2167,3,4,Downtown,19,516598
2137,5,3,Downtown,2,530772
518,3,4,Suburb,25,226323
2944,5,4,Downtown,14,646210
1500,3,1,Suburb,23,376318
3850,3,1,Suburb,16,688966
1350,2,4,Downtown,24,327838
1888,5,4,Downtown,15,440673
1854,5,1,Suburb,3,435312
1867,5,4,Rural,10,425368
1321,1,4,Downtown,24,327163
954,3,2,Downtown,7,344449
2124,5,4,Rural,2,503924
3272,1,3,Downtown,18,623660
3636,2,2,Rural,13,624432
3647,5,3,Downtown,8,802437
1210,5,4,Rural,2,336430
2690,1,1,Suburb,3,472805
1416,3,2,Rural,24,282736
3375,2,1,Suburb,27,535353
3152,5,2,Suburb,3,621698
1996,3,1,Downtown,10,428690
1940,2,2,Downtown,18,453530
804,4,2,Suburb,29,287946
1235,4,3,Suburb,15,302025
2838,2,1,Rural,22,466591
2463,1,3,Suburb,21,476744
2649,2,3,Rural,16,457823
2509,2,1,Suburb,29,475052
3838,1,2,Rural,9,658994
3414,1,3,Rural,23,537858
3515,3,1,Suburb,16,630590
3521,3,2,Rural,15,607958
3389,1,3,Rural,19,512743
1461,4,3,Downtown,21,422750
3489,4,3,Suburb,5,696376
1526,2,2,Downtown,6,395291
2632,5,3,Rural,13,572590
2875,2,2,Downtown,10,583414
3363,2,4,Downtown,11,681978
1973,5,3,Suburb,13,477525
3001,1,4,Suburb,4,522177
2447,4,1,Rural,4,527696
3176,2,3,Rural,19,551245
3792,5,1,Suburb,21,757038
1677,3,1,Downtown,22,380522
1164,2,1,Suburb,25,272893
511,4,4,Suburb,14,208832
1656,1,2,Suburb,25,297856
803,2,4,Suburb,0,282735
3864,2,4,Suburb,24,681459
3522,5,1,Suburb,30,633991
3871,3,3,Suburb,29,676731
2263,3,2,Suburb,23,484622
3330,1,1,Rural,22,521914
542,4,2,Suburb,8,204650
1443,1,4,Downtown,2,360039
2890,2,2,Rural,25,512579
1849,2,2,Suburb,3,372502
3045,3,3,Downtown,15,643472
2911,4,1,Suburb,6,591696
1390,5,2,Suburb,21,372193
2974,4,2,Rural,13,490958
1504,2,4,Suburb,15,331077
520,5,4,Suburb,28,222479
906,4,2,Downtown,17,340610
3166,4,1,Suburb,15,600286
1514,5,2,Rural,15,350972
835,2,2,Rural,1,230243
2338,4,3,Downtown,9,595072
3688,5,1,Downtown,6,737463
1647,2,3,Suburb,24,358444
2946,5,1,Suburb,26,632498
3340,5,1,Suburb,14,687841
2327,4,1,Suburb,27,516626
1214,2,3,Suburb,8,277794
550,4,3,Rural,6,243603
823,1,3,Suburb,26,175716
1288,1,4,Downtown,23,321854
640,2,3,Suburb,15,185928
969,5,4,Rural,25,256484
1286,4,4,Suburb,2,299259
2325,4,4,Suburb,16,433596
1857,2,2,Suburb,22,411854
2416,2,2,Rural,7,391430
1463,1,2,Suburb,1,325963
3555,3,4,Suburb,30,604279
872,2,4,Rural,24,171343
3041,3,1,Rural,19,567679
2192,2,4,Suburb,25,428661
3298,5,2,Suburb,26,644886
1679,5,4,Suburb,24,442190
2838,1,4,Downtown,28,539010
2171,1,1,Rural,2,430549
3715,3,4,Suburb,7,658167
605,2,3,Rural,26,119056
1943,4,1,Downtown,1,496305
3217,1,4,Suburb,30,552648
2181,4,4,Downtown,29,482398
501,4,1,Suburb,18,208867
3136,2,4,Suburb,16,615343
3191,3,2,Suburb,4,602818
2637,2,3,Downtown,19,488459
3916,1,3,Downtown,28,657100
849,4,2,Downtown,16,383949
1786,2,4,Downtown,9,472417
3922,2,4,Suburb,8,687220
3679,2,3,Suburb,21,675168
1562,1,4,Suburb,5,337113
3456,3,3,Suburb,29,667515
2706,2,3,Downtown,10,533763
3506,1,2,Downtown,1,643611
2859,4,3,Downtown,30,648431
3812,5,4,Rural,29,648003
944,1,4,Suburb,22,221694
2845,5,1,Downtown,11,644409
1451,2,4,Downtown,11,400178
535,2,1,Rural,30,144446
1607,1,3,Suburb,15,322089
1975,5,4,Suburb,24,440834
2298,2,2,Suburb,21,413856
2345,4,2,Downtown,26,530767
1908,3,2,Rural,23,408153
1695,3,3,Suburb,11,374672
1899,2,3,Suburb,20,427038
2208,5,1,Rural,17,486130
1885,2,2,Suburb,12,405047
3106,5,1,Downtown,14,677045
3438,4,1,Suburb,15,641848
2688,5,4,Downtown,3,680648
3434,2,4,Downtown,11,697908
3689,4,2,Suburb,16,693169
1800,1,3,Downtown,0,470973
3273,3,4,Rural,21,598821
1743,2,3,Rural,30,278835
3597,2,1,Downtown,17,679754
1020,2,1,Suburb,21,273813
2306,4,1,Rural,15,506127
509,1,1,Suburb,0,247189
1483,5,2,Suburb,26,377217
2925,1,1,Suburb,9,548237
2156,4,4,Suburb,18,447053
2160,2,1,Suburb,15,402378
3229,3,3,Rural,13,530775
3131,2,4,Suburb,24,577350
2699,5,3,Rural,1,591785
1219,3,3,Downtown,23,373126
1572,2,2,Rural,5,323414
3725,3,2,Suburb,27,708458
1358,1,3,Suburb,21,371223
1816,4,3,Suburb,22,385449
2103,2,1,Downtown,4,408743
549,5,4,Downtown,11,311622
3211,1,1,Downtown,26,638125
3078,2,2,Downtown,3,582280
3631,1,2,Suburb,21,648632
3738,5,1,Suburb,23,707587
3773,2,4,Suburb,3,693055
3404,5,3,Downtown,4,709029
645,3,1,Rural,6,171334
1414,5,2,Suburb,5,353961
3540,3,4,Rural,12,649025
1962,2,2,Suburb,3,392570
2789,3,4,Downtown,12,604442
1080,2,4,Suburb,3,279885
3234,2,4,Suburb,9,560696
2084,4,1,Downtown,19,505882
982,2,1,Downtown,0,324410
3679,3,1,Downtown,20,753729
1749,4,4,Downtown,7,510180
1172,4,4,Suburb,6,299216
1130,2,2,Suburb,4,296145
3208,5,3,Downtown,2,642681
1161,5,1,Suburb,14,365687
3352,4,4,Suburb,30,665719
2966,2,2,Downtown,26,508749
1487,5,2,Downtown,16,426874
3731,2,2,Downtown,28,674737
2046,2,1,Suburb,22,394647
1149,4,1,Downtown,12,354152
1468,4,3,Suburb,14,364891
3137,1,2,Suburb,26,574170
1600,5,1,Suburb,18,392588
3056,5,2,Downtown,19,639777
940,5,4,Suburb,13,302071
3825,3,2,Suburb,20,686153
1420,2,3,Rural,12,288402
1269,4,1,Suburb,30,301511
1843,5,4,Suburb,11,456329
2326,1,1,Suburb,23,464703
762,5,4,Suburb,28,228230
2077,2,2,Rural,22,393071
3945,2,2,Downtown,8,782542
3184,4,3,Rural,26,568581
3738,3,3,Suburb,2,736266
3006,4,4,Suburb,29,580083
1498,5,3,Downtown,10,410921
3851,1,3,Suburb,9,630503
1199,4,3,Suburb,0,363394
2849,3,3,Downtown,16,622136
2103,4,2,Downtown,27,545379
1741,2,3,Rural,25,346272
1625,5,2,Suburb,12,408766
3101,5,2,Suburb,13,646619
2835,5,1,Downtown,0,657413
1690,5,2,Suburb,1,422523
3168,5,2,Suburb,1,637719
1505,5,3,Suburb,6,348060
535,1,2,Suburb,8,149986
1243,3,4,Suburb,23,302860
2264,5,3,Suburb,30,408415
852,3,3,Downtown,3,299354
2422,5,3,Rural,1,539917
572,4,1,Suburb,18,268097
3195,5,3,Suburb,25,618427
1876,2,2,Suburb,4,380450
2414,1,4,Rural,8,402501
1593,4,3,Downtown,23,409198
2972,4,3,Downtown,12,678079
3546,2,4,Suburb,11,689776
1207,5,3,Suburb,29,281396
2304,1,1,Suburb,18,403256
3108,4,2,Downtown,8,612296
3375,1,4,Suburb,9,596391
1455,4,4,Downtown,18,395599
3064,5,1,Downtown,9,691368
2975,4,2,Rural,11,585147
659,4,1,Suburb,13,262418
2696,3,2,Suburb,7,488022
3323,5,1,Downtown,15,712679
3801,2,3,Suburb,16,623278
2235,2,1,Suburb,19,488356
2085,5,4,Rural,3,449110
566,2,4,Rural,5,128906
3561,5,4,Suburb,11,686822
2928,2,1,Suburb,27,538436
557,3,4,Suburb,17,228547
3830,2,4,Suburb,6,727509
841,4,3,Downtown,4,334037
1653,5,3,Suburb,9,408935
3274,1,2,Downtown,5,656652
1695,1,2,Downtown,26,397979
3317,5,2,Downtown,13,718113
3161,3,1,Suburb,5,633439
1732,2,2,Suburb,29,332493
2901,3,1,Suburb,13,561429
1994,1,1,Suburb,11,327111
2321,5,2,Downtown,29,590846
615,5,2,Suburb,26,231499
3835,3,1,Downtown,21,786117
1161,3,3,Suburb,25,269464
1965,2,4,Rural,11,382817
3000,4,4,Downtown,7,654642
2368,4,4,Downtown,9,538140
2834,2,3,Suburb,15,544488
3874,4,1,Rural,19,730408
1516,1,2,Suburb,25,356094
810,4,1,Rural,7,266782
707,2,1,Suburb,8,181749
3165,4,2,Rural,12,550583
2993,5,3,Downtown,28,685118
3217,3,4,Downtown,19,623631
1132,1,4,Rural,16,242279
2602,5,1,Rural,18,526318
3459,5,3,Downtown,16,772411
3583,2,4,Downtown,6,716749
1156,3,3,Downtown,27,335483
1923,3,2,Downtown,0,540287
2431,1,1,Downtown,26,513347
3527,2,1,Rural,19,616692
3062,1,3,Suburb,28,510822
2179,4,4,Suburb,13,439451
736,5,3,Suburb,16,266616
3850,1,2,Suburb,12,620535
847,5,4,Suburb,28,269391
3174,2,4,Suburb,1,619129
3675,4,3,Suburb,26,714704
1129,2,2,Suburb,30,249090
2040,4,4,Suburb,13,541079
2503,4,1,Rural,0,543650
1771,5,2,Rural,28,386751
863,2,4,Suburb,4,279693
2868,2,3,Suburb,6,526815
785,1,4,Downtown,18,257367
648,2,1,Suburb,13,193383
1607,1,2,Suburb,23,281697
2953,3,4,Downtown,13,635929
3525,3,1,Suburb,14,654573
955,3,4,Suburb,4,281298
2266,2,4,Downtown,4,505086
1299,2,2,Rural,28,229907
1684,1,3,Downtown,20,430250
1512,4,3,Rural,23,341262
3331,1,1,Suburb,1,590641
3007,3,1,Suburb,17,534774
2023,1,1,Suburb,30,415551
3285,4,2,Suburb,29,651270
3056,2,3,Suburb,27,551445
980,1,1,Suburb,23,185476
2186,3,1,Suburb,8,509668
2661,3,4,Suburb,26,502206
3296,2,4,Rural,27,537255
2101,1,1,Downtown,9,454676
2908,4,4,Suburb,25,582454
840,2,4,Downtown,17,273941
3317,1,4,Suburb,3,492933
2510,5,2,Suburb,7,556989
3308,3,1,Downtown,17,696877
3516,4,1,Downtown,19,691668
2996,4,4,Downtown,25,681217
2366,4,2,Suburb,28,513146
1334,3,4,Suburb,28,326163
1703,1,2,Rural,16,279027
2225,2,1,Suburb,15,447116
3978,1,4,Downtown,17,740348
2189,2,1,Rural,6,409892
3767,4,2,Suburb,0,751790
810,1,3,Suburb,27,183678
761,4,2,Downtown,0,316001
1942,5,3,Suburb,17,434309
905,4,1,Rural,3,249213
2690,4,1,Suburb,22,537000
841,2,4,Suburb,19,221567
1839,5,3,Suburb,20,428919
3672,4,2,Rural,19,689523
743,4,1,Downtown,3,363531
989,5,3,Suburb,24,265894
511,5,2,Rural,30,241034
3810,1,3,Downtown,5,736734
1060,2,2,Suburb,27,225208
541,5,2,Suburb,2,249253
3225,5,2,Suburb,5,667270
1093,3,2,Suburb,12,242299
1952,5,3,Suburb,22,448198
2326,2,3,Suburb,6,478666
3729,4,4,Downtown,23,724019
3787,4,3,Suburb,28,655654
2193,4,3,Downtown,3,541909
633,4,4,Downtown,0,371198
3638,3,3,Rural,5,629303
3578,5,2,Suburb,23,673089
1447,4,1,Rural,4,337035
572,1,1,Downtown,12,270892
898,4,4,Suburb,18,227128
1928,5,3,Downtown,3,539295
3125,4,3,Suburb,23,591622
3406,3,4,Suburb,5,634359
629,2,1,Downtown,12,222045
3478,2,2,Rural,30,574231
3777,5,3,Downtown,28,739111
2311,2,4,Suburb,4,446380
2501,2,2,Rural,12,379185
765,1,4,Rural,24,108733
2060,5,4,Rural,9,460102
2485,5,4,Suburb,2,588617
1292,2,1,Downtown,22,438695
2800,2,1,Downtown,24,593737
3369,2,4,Suburb,26,583909
1812,3,3,Suburb,12,340291
663,4,2,Downtown,26,299643
594,3,3,Suburb,11,174524
2305,5,1,Suburb,3,498535
3380,1,2,Suburb,9,624581
1633,4,4,Suburb,25,388776
2883,1,3,Suburb,2,502578
1321,5,3,Rural,16,280958
737,5,4,Downtown,8,338917
2928,1,3,Suburb,28,521271
3446,1,1,Downtown,0,712016
3030,1,4,Downtown,17,512736
2460,5,3,Suburb,8,544547
3449,2,4,Rural,20,614853
1548,1,2,Downtown,19,350593
2176,4,4,Suburb,24,414500
3688,5,3,Suburb,8,697456
3029,3,1,Downtown,1,644472
3963,3,4,Rural,18,671840
3464,4,4,Suburb,27,661717
3541,2,3,Downtown,15,724531
1463,1,1,Suburb,2,305470
1036,5,1,Suburb,15,356992
3650,1,2,Suburb,20,624030
2103,5,2,Suburb,12,493618
3744,3,3,Downtown,2,746087
2479,1,1,Suburb,9,473795
3583,4,1,Downtown,21,742612
627,2,2,Rural,17,186304
591,4,2,Suburb,5,243747
1042,2,3,Downtown,5,221376
1345,1,1,Rural,17,272616
2181,1,4,Downtown,5,413041
3536,2,2,Suburb,5,627193
2351,3,3,Suburb,21,399913
2994,5,1,Downtown,27,703057
889,4,1,Rural,12,263869
3219,4,2,Suburb,13,620076
2384,4,3,Downtown,20,590167
542,1,4,Suburb,6,191261
753,4,2,Suburb,12,264688
3701,5,3,Rural,14,703004
1583,5,1,Suburb,11,394988
3210,2,4,Suburb,20,544309
3014,1,3,Suburb,26,554927
2834,5,4,Suburb,0,602971
3558,3,3,Suburb,27,593926
2040,1,3,Downtown,24,447221
2453,1,3,Suburb,2,467176
3325,5,3,Suburb,17,712745
2892,3,4,Rural,25,526856
1141,2,2,Downtown,21,284718
2929,5,4,Suburb,7,558645
1189,3,3,Rural,1,325279
1776,1,4,Suburb,3,361491
2450,3,4,Rural,17,434526
1579,1,4,Rural,27,258260
1986,5,3,Suburb,27,489850
956,5,4,Suburb,24,313554
1482,4,1,Downtown,25,440215
2630,4,3,Suburb,12,549856
1622,4,4,Downtown,14,414201
648,5,1,Suburb,1,329797
1852,2,4,Suburb,9,377069
1679,5,2,Suburb,1,454982
689,3,4,Downtown,29,296876
1382,5,4,Rural,28,329488
2810,5,2,Downtown,20,598103
3651,1,3,Downtown,11,666305
899,1,2,Downtown,4,301165
3311,1,3,Rural,11,571665
1108,5,2,Rural,22,333220
3831,2,4,Suburb,0,728829
2295,3,4,Rural,27,398661
2138,3,3,Downtown,1,553009
2075,2,3,Rural,26,344465
3332,2,1,Downtown,15,672644
2648,3,1,Downtown,26,633844
1882,4,4,Downtown,21,480675
1903,1,4,Suburb,1,331087
1319,1,1,Suburb,15,273073
3792,3,1,Suburb,19,755045
1319,2,3,Rural,25,256637
919,4,2,Suburb,15,322660
623,3,3,Downtown,5,249751
921,1,1,Suburb,12,215480
3802,5,4,Suburb,11,732829
3634,2,1,Rural,22,671627
2008,5,4,Suburb,9,463022
2097,3,4,Suburb,4,393987
1267,1,4,Downtown,7,404509
2544,4,4,Suburb,5,543424
3030,5,2,Rural,4,620140
3066,4,1,Downtown,19,602694
2702,1,3,Rural,21,462033
2639,5,4,Suburb,5,571423
3529,4,4,Downtown,21,689362
2049,4,3,Rural,16,441389
3002,5,3,Suburb,5,574109
2264,1,4,Suburb,16,394401
2544,4,3,Downtown,4,623959
3145,3,3,Downtown,22,617975
1009,5,2,Rural,16,270549
1706,2,3,Suburb,28,350600
885,2,1,Rural,16,195592
2097,1,1,Downtown,28,457277
2952,3,1,Downtown,12,626079
2793,4,4,Downtown,30,553751
1241,2,1,Suburb,21,263104
3208,1,2,Rural,30,495909
3197,3,1,Suburb,6,599648
2411,3,4,Suburb,21,484009
1946,1,2,Rural,20,351089
1400,1,1,Suburb,5,233962
2612,4,2,Downtown,28,604552
3584,1,2,Rural,13,591874
2760,4,4,Suburb,15,525388
2509,4,4,Downtown,2,612920
741,5,2,Downtown,8,269983
3040,3,1,Suburb,14,534728
3784,3,4,Suburb,20,751475
2885,3,2,Downtown,17,610139
2520,5,3,Downtown,29,556883
672,4,3,Suburb,29,235055
1171,4,4,Rural,27,273203
663,1,1,Suburb,9,191523
964,5,3,Downtown,9,380274
3542,1,3,Downtown,22,653359
996,5,3,Downtown,2,388041
1199,1,1,Downtown,0,325109
2942,2,1,Suburb,2,534674
1202,3,4,Suburb,24,263118
2440,3,4,Suburb,4,541572
2855,4,3,Suburb,6,601672
2291,2,1,Downtown,2,542762
682,3,2,Suburb,3,239413
1128,4,3,Suburb,16,319970
3057,2,4,Suburb,2,571199
2231,3,1,Downtown,22,537375
1045,1,4,Suburb,3,243405
2087,5,4,Downtown,30,483529
1123,2,1,Downtown,1,353088
1093,4,3,Rural,13,276386
1243,2,1,Rural,4,279948
3798,4,3,Downtown,30,771034
2268,2,4,Downtown,20,472826
1959,4,1,Suburb,30,417282
2448,3,2,Downtown,1,546888
3993,1,3,Suburb,30,707554
3101,3,2,Downtown,14,641580
2568,1,3,Downtown,10,529891
3101,3,1,Suburb,21,549457
2944,3,2,Rural,9,564524
3172,2,1,Downtown,19,639643
604,5,3,Suburb,29,216543
2739,4,3,Downtown,0,678540
516,4,3,Downtown,18,279516
3691,4,3,Rural,13,651942
892,1,4,Suburb,24,209714
924,4,3,Suburb,25,262543
2676,4,2,Suburb,22,585716
3701,2,3,Rural,28,645145
1071,3,1,Rural,21,263271
2576,4,4,Downtown,13,634905
1620,5,2,Downtown,0,441853
3581,4,4,Suburb,24,696427
741,1,4,Suburb,28,199568
2779,1,4,Rural,8,471936
1288,1,1,Suburb,16,270420
3855,4,4,Rural,13,722945
1214,2,4,Downtown,12,365597
1258,5,3,Rural,12,284032
3349,4,1,Suburb,30,686843
1275,2,2,Rural,5,310533
3273,2,2,Downtown,6,646504
2747,4,2,Suburb,1,547313
3492,4,1,Suburb,25,692113
578,2,2,Suburb,7,214592
3503,2,1,Suburb,23,643942
1355,2,3,Rural,5,305376
3744,4,3,Suburb,24,734036
3014,2,1,Suburb,2,595778
3128,1,2,Downtown,17,586184
1939,4,1,Rural,17,386076
3487,1,1,Suburb,21,612729
2996,3,4,Suburb,22,636092
2634,4,1,Downtown,5,595606
2648,3,4,Suburb,10,538094
1531,2,3,Downtown,2,424488
1344,2,4,Downtown,15,344024
3771,5,1,Suburb,4,765575
586,2,3,Downtown,23,235319
2590,3,4,Downtown,21,594997
3956,2,1,Suburb,1,684062
907,4,3,Downtown,14,401467
3211,2,4,Suburb,15,577275
3588,5,1,Downtown,6,777844
2168,2,1,Suburb,15,430346
647,3,2,Suburb,23,181690
2824,3,2,Suburb,3,585598
731,2,4,Downtown,27,244721
2450,3,4,Downtown,15,558272
865,3,4,Downtown,16,279596
3799,5,1,Suburb,1,741056
2174,4,4,Rural,15,432267
935,5,1,Downtown,3,383768
898,1,4,Downtown,6,287935
1734,5,1,Downtown,17,467802
1914,2,1,Suburb,5,391002
3046,4,2,Suburb,17,609347
3087,2,3,Suburb,27,561981
1062,1,1,Rural,6,227168
2989,4,4,Suburb,1,666430
1784,3,2,Downtown,18,456158
1272,5,4,Downtown,8,470521
2897,2,4,Suburb,28,524465
2537,1,1,Suburb,30,449098
3923,3,1,Suburb,3,710287
3067,5,3,Suburb,13,636107
1843,3,1,Suburb,4,402680
2685,5,1,Rural,24,514705
2073,4,3,Suburb,6,407941
1491,3,4,Suburb,7,400625
2915,3,3,Downtown,14,601752
3791,3,3,Suburb,26,726899
3908,4,3,Rural,18,695313
1746,1,2,Suburb,26,355238
859,5,4,Suburb,10,301079
1420,3,2,Suburb,19,346441
2876,4,2,Downtown,22,589129
3509,1,1,Suburb,3,658821
3010,5,3,Downtown,17,653495
3493,4,3,Rural,13,668720
1462,5,2,Rural,25,300480
2327,3,1,Downtown,5,511415
3953,1,1,Downtown,24,730103
3383,4,1,Suburb,15,647541
2113,1,4,Suburb,17,413656
2140,3,2,Downtown,0,517228
2716,1,4,Suburb,7,555238
716,1,1,Suburb,0,223610
877,2,1,Downtown,0,288570
618,1,1,Rural,18,132903
689,5,3,Rural,20,269474
3314,4,2,Suburb,28,583250
869,2,3,Rural,27,210126
2301,4,4,Downtown,24,497677
2696,4,3,Downtown,26,621677
1151,3,2,Downtown,9,340683
2382,3,3,Suburb,17,496087
2011,2,1,Rural,11,381766
1269,3,4,Suburb,27,261749
2921,3,4,Rural,16,551360
1280,3,1,Suburb,0,310374
2216,4,1,Suburb,7,509456
2707,2,1,Suburb,9,486990
2898,4,2,Downtown,25,626962
1811,5,3,Downtown,9,493822
3859,4,4,Suburb,17,703772
3439,5,3,Suburb,28,709243
1749,1,1,Suburb,8,355356
1022,1,1,Suburb,24,216650
1021,5,3,Downtown,1,391113
1282,5,4,Suburb,2,326630
2820,4,2,Suburb,1,655551
1435,5,3,Suburb,5,357679
3973,2,1,Rural,30,672504
2730,1,1,Suburb,22,489334
2188,1,2,Suburb,11,452613
987,5,3,Rural,21,282388
2350,3,2,Rural,18,425351
1345,3,2,Rural,27,229011
2671,5,4,Downtown,14,563247
3532,2,4,Downtown,18,674659
3337,3,1,Downtown,11,720660
2961,5,3,Downtown,17,606986
2503,2,4,Rural,15,505931
2248,2,1,Suburb,1,488808
3743,4,3,Downtown,10,720988
3859,2,1,Downtown,11,705295
1185,3,4,Downtown,4,334217
2660,3,1,Suburb,26,521979
3435,5,3,Suburb,26,667563
2669,5,3,Rural,23,524541
2067,2,1,Rural,5,379911
1745,1,3,Downtown,24,393096
538,4,1,Suburb,10,255814
3044,1,3,Downtown,20,582754
1279,2,1,Suburb,9,282970
1756,2,1,Rural,3,380163
3490,1,1,Suburb,8,608860
2696,4,2,Suburb,11,569959
3968,1,3,Suburb,9,683203
3569,5,4,Downtown,26,771901
3208,3,1,Downtown,13,695197
2427,5,2,Suburb,4,575999
801,3,4,Suburb,0,243594
3931,2,1,Downtown,4,738786
2785,4,4,Suburb,15,588962
1146,1,2,Rural,30,209963
1162,4,4,Suburb,4,329274
2783,1,1,Suburb,4,492603
2259,5,4,Suburb,28,533133
2750,5,4,Suburb,17,606715
755,1,1,Suburb,28,181681
1097,4,2,Rural,5,270188
1161,1,2,Suburb,20,233460
734,2,4,Suburb,17,217097
1868,5,3,Downtown,27,494803
3081,2,4,Downtown,9,597277
3407,5,3,Suburb,14,639704
1269,5,4,Rural,30,312740
3088,3,2,Suburb,29,600140
712,2,4,Downtown,23,256015
962,2,4,Downtown,21,285819
2983,3,3,Suburb,10,543550
782,4,2,Downtown,25,283280
1986,2,3,Downtown,27,467252
1930,1,4,Suburb,26,325904
587,3,1,Downtown,18,313232
1567,2,4,Suburb,24,333602
960,4,4,Suburb,12,244410
2825,2,3,Downtown,26,582847
2968,5,1,Suburb,26,612707
2224,1,1,Suburb,29,391471
1876,3,3,Suburb,19,430579
3243,5,2,Suburb,2,645854
1014,4,1,Suburb,15,316060
1202,5,1,Rural,6,323257
2153,5,3,Suburb,11,483442
2566,4,2,Suburb,28,557190
522,5,2,Downtown,14,323806
2960,3,4,Downtown,29,571776
1553,2,4,Downtown,7,407359
2330,5,3,Suburb,22,564304
2655,3,2,Downtown,16,613317
3938,2,3,Suburb,0,683419
1804,2,4,Suburb,28,410479
3699,5,3,Downtown,20,792751
3800,3,3,Suburb,30,648543
1634,5,1,Suburb,29,402330
2683,4,1,Downtown,7,619780
861,2,1,Suburb,13,203842
3757,5,4,Suburb,9,755733
2676,2,3,Suburb,26,568293
2399,3,1,Downtown,18,572807
1784,1,1,Suburb,7,365460
1014,5,1,Rural,18,275659
948,5,4,Suburb,3,329052
2423,2,4,Downtown,9,495193
3675,3,3,Suburb,22,654924
2006,4,3,Suburb,2,400047
1747,3,3,Suburb,3,412087
2355,5,1,Suburb,15,508125
1373,4,2,Suburb,23,361492
3020,3,4,Rural,3,563593
3581,1,1,Suburb,24,582826
1928,2,1,Suburb,19,396215
2849,3,3,Downtown,28,567946
2778,3,3,Rural,29,547363
2254,1,1,Rural,19,363795
1422,5,4,Downtown,12,417198
3637,2,4,Suburb,20,615142
3484,3,1,Downtown,16,663593
2659,4,2,Suburb,22,537752
1536,3,2,Suburb,24,309035
1916,2,4,Downtown,15,436763
3047,3,3,Rural,27,552951
3479,1,2,Downtown,24,635141
3145,3,2,Suburb,16,529662
2781,3,3,Suburb,30,567169
3149,4,2,Suburb,5,635348
813,1,1,Downtown,2,278307
3113,1,2,Downtown,19,590988
3583,3,3,Suburb,23,678777
2756,4,1,Suburb,30,571540
2497,3,2,Downtown,3,592689
1537,3,4,Downtown,7,421612
2156,2,1,Downtown,19,433121
3989,2,1,Suburb,8,722505
3948,4,4,Suburb,21,739223
3591,5,4,Downtown,0,752191
3134,2,2,Suburb,12,554044
2278,5,2,Downtown,25,562991
1514,1,3,Rural,1,293825
1593,2,3,Rural,22,295246
3782,2,1,Suburb,9,728472
1624,4,4,Rural,22,371746
1197,5,4,Rural,18,324586
2679,2,3,Rural,16,512403
1904,2,1,Suburb,23,392511
1655,4,1,Suburb,12,375127
1543,4,3,Downtown,28,401762
2429,5,3,Suburb,25,541308
3083,1,3,Suburb,13,568195
1513,1,2,Downtown,26,364339
726,3,1,Downtown,30,234769
3725,2,1,Suburb,10,693151
2328,5,1,Downtown,9,568250
1992,2,3,Suburb,30,406798
1321,5,3,Rural,6,317245
2523,5,3,Suburb,9,608431
1370,5,3,Suburb,23,369925
2952,2,4,Suburb,0,550274
2749,4,3,Suburb,13,578736
2585,2,2,Downtown,2,581492
3489,5,4,Rural,12,680372
2295,3,4,Downtown,1,503406
687,1,3,Downtown,16,271330
1580,5,1,Suburb,20,386654
1440,3,3,Downtown,2,403517
3591,4,1,Suburb,25,607387
2820,5,3,Downtown,14,625078
3690,3,3,Downtown,7,722390
3130,5,1,Downtown,5,708018
3063,2,1,Downtown,25,588700
3792,3,1,Suburb,29,631152
1025,2,1,Rural,8,243065
835,2,2,Suburb,24,213737
3245,3,1,Rural,10,564893
1578,1,3,Downtown,21,368326
3047,3,3,Suburb,1,542658
3447,1,2,Downtown,8,677664
3313,5,1,Suburb,17,654466
3083,5,3,Suburb,18,616431
661,3,2,Suburb,21,246734
1093,5,3,Suburb,17,310875
2438,4,2,Suburb,4,529460
2706,2,2,Suburb,17,505014
3759,2,4,Rural,11,739328
559,1,4,Downtown,3,245502
3462,5,1,Suburb,14,651056
3890,1,4,Suburb,10,726066
2401,2,2,Suburb,26,485440
2758,2,3,Downtown,18,567049
905,5,3,Suburb,4,298630
1163,4,1,Suburb,5,289659
1632,4,4,Suburb,12,405716
1599,5,1,Downtown,22,427595
1041,5,2,Rural,9,270751
1837,1,4,Suburb,23,375812
1497,5,1,Suburb,24,426897
1640,4,3,Suburb,13,378712
3474,5,3,Rural,3,692277
1367,1,1,Downtown,19,342417
2566,1,1,Downtown,22,523665
931,1,1,Suburb,11,204091
1239,1,2,Suburb,14,265480
1873,3,2,Downtown,25,413051
682,5,3,Rural,9,206622
2660,2,2,Suburb,10,524548
1706,5,2,Suburb,8,412171
3028,3,4,Downtown,10,606748
1669,1,2,Downtown,1,363065
1330,3,4,Suburb,12,282088
2151,4,2,Rural,26,367958
1636,4,3,Suburb,21,387728
3310,5,1,Rural,25,542677
975,5,3,Rural,25,285390
3310,2,2,Suburb,7,623428
1826,2,1,Suburb,28,362926
1470,4,1,Suburb,20,362724
1519,1,1,Suburb,20,299289
1641,3,4,Downtown,7,435906
2336,2,3,Suburb,0,476807
660,2,4,Downtown,5,303045
2948,1,1,Rural,25,533185
697,1,3,Rural,12,207616
1783,5,3,Downtown,8,465518
1159,3,2,Suburb,27,309582
2275,1,4,Suburb,5,451432
1570,2,4,Suburb,14,322031
2510,2,2,Downtown,22,497909
898,4,4,Suburb,15,268399
2233,1,1,Downtown,3,450123
2082,5,1,Downtown,27,473622
2625,3,4,Downtown,25,573671
2671,5,2,Downtown,16,615632
574,2,3,Suburb,8,198928
2684,5,4,Rural,11,569401
1101,2,3,Suburb,21,258274
3971,2,2,Suburb,18,722561
1336,2,3,Downtown,19,329231
2028,2,2,Suburb,25,376843
999,2,2,Downtown,11,309270
2096,4,1,Suburb,21,517039
637,5,1,Rural,5,279112
2597,4,2,Downtown,11,621491
2294,4,4,Suburb,8,454942
1472,1,1,Downtown,19,356153
2142,1,2,Suburb,4,441933
2385,1,3,Downtown,20,550310
2801,3,3,Suburb,2,507638
2528,1,4,Downtown,1,550129
3257,5,3,Suburb,7,693481
2400,4,3,Suburb,9,524552
3110,5,2,Suburb,14,591990
3304,1,3,Suburb,8,595198
1949,3,3,Rural,9,406215
1046,3,3,Suburb,10,292234
3873,4,3,Downtown,28,742401
1421,5,2,Downtown,8,410885
1080,2,3,Rural,13,252685
1872,5,4,Suburb,4,436509
2456,1,1,Suburb,26,422793
2503,2,4,Downtown,8,533261
2596,3,1,Suburb,3,531193
3464,4,4,Downtown,1,759762
3645,4,1,Rural,18,622868
1203,3,1,Rural,0,251604
2808,1,1,Downtown,20,539737
2903,3,1,Suburb,0,521444
2125,1,2,Downtown,11,475347
3831,2,4,Suburb,10,624843
1137,3,1,Rural,0,301771
3290,1,4,Suburb,13,613770
3866,2,3,Suburb,26,681691
1509,3,1,Downtown,10,350630
3478,4,4,Rural,28,626884
1140,3,2,Suburb,6,281098
3339,5,4,Suburb,1,643790
3884,3,1,Downtown,14,775983
3159,5,3,Suburb,7,669856
2361,2,4,Rural,21,461721
3356,3,3,Suburb,19,615856
1705,2,2,Suburb,24,356908
1185,2,4,Suburb,14,333711
2351,1,4,Suburb,25,490509
3935,2,2,Suburb,7,735661
687,2,2,Downtown,28,234551
2119,3,2,Suburb,9,449068
2187,3,1,Suburb,18,444704
1484,4,1,Suburb,2,401769
1047,1,4,Rural,19,183460
3272,2,4,Suburb,13,607440
3473,1,4,Downtown,8,672741
1931,5,3,Rural,8,443163
1375,2,2,Suburb,20,275578
1117,1,4,Suburb,27,247966
2961,4,2,Suburb,24,633229
1865,4,1,Suburb,5,421041
1743,2,2,Downtown,7,432242
1402,5,3,Suburb,10,325039
662,4,3,Rural,7,229887
2474,4,2,Suburb,11,526597
3791,5,3,Suburb,9,743144
769,1,3,Downtown,30,257261
1131,4,1,Downtown,22,349279
1405,3,4,Suburb,3,383042
3971,4,3,Suburb,15,714156
3753,1,4,Rural,19,657249
2514,1,2,Suburb,5,478480
2141,2,2,Suburb,29,410001
704,3,3,Suburb,8,194646
1081,1,2,Downtown,22,256859
2079,5,1,Rural,4,468375
1340,3,3,Suburb,20,299496
2336,3,3,Downtown,23,547252
1751,5,3,Suburb,5,446273
2219,4,2,Rural,16,404100
2142,5,2,Rural,16,478133
3143,5,3,Downtown,24,672578
2797,4,4,Rural,23,525177
1374,4,2,Downtown,21,426438
1964,4,2,Downtown,12,450771
2743,4,3,Rural,16,491711
1189,4,4,Rural,13,305117
2510,5,3,Suburb,1,504537
3641,2,2,Suburb,25,622936
3186,2,3,Rural,18,579254
1922,1,3,Suburb,25,360038
2501,2,3,Rural,27,396917
1171,2,4,Suburb,2,299323
3774,5,3,Rural,1,702953
1671,4,2,Rural,27,332581
1995,4,3,Downtown,1,614944
1443,5,4,Rural,21,362695
2746,2,1,Suburb,6,517396
1949,5,4,Suburb,3,496299
3039,1,3,Suburb,16,531120
1395,4,1,Downtown,5,398706
2689,3,3,Suburb,6,546333
1836,1,4,Rural,19,341661
664,1,1,Downtown,5,272372
2861,5,1,Suburb,8,643860
2568,2,3,Rural,19,491825
1605,4,3,Suburb,27,399447
3702,3,4,Suburb,30,694078
2253,1,3,Suburb,29,444491
3531,3,1,Suburb,25,665945
2852,2,2,Suburb,3,497238
2438,2,2,Rural,25,445629
870,3,4,Suburb,27,284809
2380,4,3,Rural,4,458915
1352,2,4,Suburb,18,293038
883,3,2,Suburb,9,261647
2431,1,2,Suburb,17,453353
2992,3,3,Suburb,14,558147
924,3,1,Suburb,24,256318
2708,5,3,Downtown,28,623598
3749,2,2,Downtown,0,672042
1128,4,1,Downtown,4,377443
1394,4,4,Downtown,4,403623
3037,5,2,Suburb,7,577344
3564,4,4,Downtown,21,740526
2874,3,1,Suburb,21,559439
1097,5,4,Downtown,21,378498
3562,1,2,Suburb,19,633615
2836,2,3,Suburb,14,541037
1092,2,4,Downtown,16,295663
2187,2,2,Rural,18,421739
1072,3,2,Downtown,28,349627
3925,1,1,Suburb,12,644176
2575,5,2,Rural,30,532665
3501,5,3,Suburb,25,671644
2590,2,3,Downtown,27,549885
2204,1,4,Suburb,26,409159
2970,1,4,Suburb,21,519339
676,1,4,Rural,20,167576
1028,4,4,Rural,9,265206
2133,4,3,Suburb,16,496359
1465,2,1,Rural,4,343092
2017,1,4,Downtown,17,419138
697,1,1,Downtown,16,233533
3157,5,2,Rural,3,609326
3389,5,2,Downtown,21,728608
1352,2,4,Downtown,6,406102
2037,1,2,Downtown,24,381523
2569,2,1,Suburb,4,458801
3683,5,1,Suburb,7,722944
1580,5,2,Suburb,7,415578
3637,4,4,Downtown,10,717311
3389,2,1,Suburb,8,625772
597,2,1,Rural,18,139321
3715,1,3,Rural,18,595847
2403,1,4,Suburb,8,490539
934,4,3,Rural,22,237806
1136,3,2,Suburb,30,269578
3657,3,2,Downtown,19,723503
1087,3,3,Downtown,30,355819
843,2,4,Downtown,16,279159
1817,2,1,Suburb,15,360803
2479,5,2,Downtown,6,613224
1070,2,4,Suburb,25,279882
1110,2,4,Downtown,21,349840
2227,2,2,Rural,2,420980
2790,4,2,Suburb,29,563755
2354,2,4,Rural,20,446812
3108,1,1,Rural,18,523656
1459,1,3,Downtown,7,401433
2579,5,2,Suburb,4,582392
2938,4,3,Downtown,25,682186
2824,1,4,Rural,25,496131
1031,4,3,Suburb,5,251849
1677,4,1,Downtown,1,448599
2930,5,4,Downtown,23,597965
1591,4,1,Suburb,24,355485
2401,2,4,Rural,18,421009
1383,4,1,Suburb,12,381512
2761,5,4,Rural,30,520960
2178,5,1,Suburb,5,543526
2923,5,4,Downtown,5,643394
3291,1,1,Rural,1,553996
2760,2,4,Downtown,25,521809
2626,1,1,Rural,23,484236
2249,3,2,Suburb,4,520700
3175,2,3,Downtown,10,632286
3151,4,4,Suburb,10,578230
1281,5,1,Rural,23,312904
3952,3,2,Rural,13,696765
3548,2,4,Downtown,12,671154
3227,1,4,Downtown,29,675576
2605,5,4,Suburb,7,618510
3597,1,3,Suburb,14,573085
1380,2,1,Suburb,11,281386
946,2,1,Downtown,2,323662
2613,3,4,Rural,20,449794
2283,4,4,Suburb,22,485937
1777,1,4,Rural,4,332871
2491,3,2,Suburb,5,507463
1567,5,4,Suburb,1,444614
3668,4,3,Rural,7,727423
2077,3,1,Suburb,4,459432
1511,1,3,Rural,21,239288
2774,2,4,Rural,16,494417
1273,5,2,Suburb,25,328425
3226,1,4,Suburb,1,642668
2314,4,4,Downtown,10,567895
3148,4,4,Downtown,3,691276
2926,2,4,Downtown,10,618388
1701,2,4,Downtown,8,415999
1950,5,1,Downtown,5,555062
3256,5,3,Suburb,23,628273
806,2,2,Suburb,1,268701
1278,2,4,Suburb,25,334460
3051,4,2,Downtown,14,629232
2815,2,1,Downtown,4,598380
507,3,3,Suburb,27,201547
3055,1,4,Suburb,11,515015
975,2,1,Suburb,12,213181
1820,5,1,Suburb,16,409520
2711,3,3,Rural,3,512088
984,5,4,Suburb,9,331166
3643,3,3,Suburb,0,675361
3114,2,3,Rural,10,605019
1404,1,2,Rural,15,296385
1058,5,2,Suburb,10,342280
2467,3,3,Suburb,8,489137
2785,4,2,Downtown,1,628845
1627,2,1,Suburb,6,391097
1733,1,3,Rural,18,339550
3101,2,4,Suburb,29,583426
3375,4,4,Rural,17,610140
967,1,1,Suburb,28,201363
3839,4,4,Rural,19,644029
2933,2,4,Suburb,6,569806
3322,3,3,Downtown,22,620744
1347,2,1,Suburb,8,313585
2934,2,3,Downtown,11,586492
3424,2,1,Downtown,28,662274
758,5,3,Rural,2,296667
782,4,3,Downtown,22,345910
2149,4,2,Suburb,21,482422
2398,4,4,Downtown,25,521772
539,5,1,Downtown,15,295180
3033,3,4,Rural,6,532737
3476,2,2,Suburb,22,599774
2767,3,1,Suburb,25,544523
3700,5,2,Suburb,4,701774
1514,4,4,Suburb,24,349468
3571,2,3,Rural,22,571556
1112,1,2,Suburb,6,280549
3475,1,2,Suburb,27,583434
2415,3,3,Rural,29,376760
1187,4,4,Downtown,18,419059
1112,1,2,Suburb,16,281201
2807,3,4,Rural,15,455591
3537,5,3,Suburb,29,703595
3513,3,1,Rural,29,653631
2913,3,2,Suburb,20,551356
2281,3,4,Rural,23,433621
2310,2,3,Rural,20,406939
3091,3,3,Downtown,25,644242
3196,3,2,Downtown,18,682395
2047,2,1,Suburb,24,367317
2430,2,2,Suburb,17,446315
3361,5,4,Downtown,30,707199
3587,4,3,Downtown,18,739357
1652,1,1,Suburb,27,333024
1074,1,4,Rural,3,222324
3680,3,2,Suburb,25,640538
2410,5,3,Suburb,0,571058
1512,3,2,Downtown,26,354151
1169,1,1,Suburb,3,257582
768,2,1,Downtown,3,282734
3733,4,1,Downtown,8,776504
1783,5,1,Rural,7,401694
1423,2,1,Rural,1,325042
1625,4,2,Downtown,28,463274
2029,5,1,Downtown,22,493665
2258,5,1,Suburb,5,525447
2094,1,3,Suburb,22,399485
746,2,1,Downtown,10,261670
2060,5,3,Suburb,3,428813
2678,5,3,Downtown,29,613326
2900,4,3,Suburb,13,595922
2743,1,2,Suburb,20,524068
2439,3,2,Suburb,21,474799
1429,1,4,Suburb,8,286338
3953,3,4,Rural,1,674513
3569,2,3,Rural,26,509404
3192,2,2,Downtown,24,612658
726,5,1,Downtown,25,396895
3248,2,4,Suburb,0,645328
764,5,2,Downtown,3,311834
1895,1,1,Suburb,11,357809
1957,2,1,Suburb,4,393919
1145,1,2,Suburb,8,305706
2758,1,4,Suburb,30,550436
3948,2,2,Suburb,21,693894
1918,1,4,Rural,3,362610
1973,2,3,Downtown,15,466562
3490,2,2,Suburb,1,642024
1887,2,2,Downtown,15,446510
2399,3,4,Downtown,15,536295
3004,1,4,Suburb,20,544939
3272,4,2,Downtown,23,617748
1749,2,1,Downtown,23,394966
1481,1,1,Downtown,21,315648
1654,5,1,Suburb,10,438803
1087,2,3,Suburb,0,259482
975,2,3,Downtown,14,255303
2321,4,4,Suburb,23,431498
1485,3,3,Downtown,3,423231
3848,3,1,Suburb,30,659337
2703,2,2,Suburb,29,492305
1741,1,3,Suburb,17,391636
689,5,3,Rural,16,248605
1940,5,1,Rural,6,419696
1480,1,3,Downtown,17,319745
2198,2,4,Rural,12,420749
2215,5,2,Downtown,19,539377
3093,3,1,Rural,19,572308
540,1,4,Downtown,28,131491
2854,4,1,Suburb,9,613224
1442,2,4,Downtown,30,304916
837,1,2,Downtown,0,261025
1837,5,2,Suburb,1,496250
1598,2,4,Rural,16,246692
3500,3,4,Suburb,21,641396
2826,2,4,Suburb,28,507657
3747,2,4,Suburb,2,679187
1395,3,4,Downtown,16,393936
2820,3,4,Downtown,11,602452
3384,2,2,Downtown,23,614400
3167,3,4,Suburb,29,588969
2174,1,3,Downtown,11,464551
3409,3,2,Downtown,29,670544
1430,3,1,Downtown,19,448080
788,2,2,Downtown,9,319323
1223,1,1,Rural,6,302265
3440,4,1,Downtown,9,727323
2819,4,3,Suburb,17,619410
2453,5,4,Suburb,30,492270
1589,3,4,Suburb,21,346573
982,3,2,Downtown,5,314896
1435,1,4,Suburb,6,294373
2795,4,3,Downtown,27,603489
655,5,2,Suburb,16,268369
1570,1,2,Downtown,29,369430
2458,3,2,Suburb,11,550040
3001,4,4,Suburb,16,548411
2748,5,4,Suburb,30,526043
2183,2,4,Suburb,17,357193
623,4,2,Suburb,13,215191
2548,5,2,Rural,10,508875
1467,1,1,Downtown,1,348097
1354,2,1,Suburb,20,268932
1139,5,4,Suburb,0,353522
2738,5,2,Suburb,10,569099
2102,3,4,Downtown,1,477758
3063,4,4,Suburb,15,608982
941,3,1,Downtown,21,292954
2444,2,3,Downtown,2,569296
2338,5,4,Downtown,19,556791
2329,3,3,Downtown,0,528851
2690,4,3,Suburb,20,551346
3762,2,2,Rural,19,575126
1032,1,2,Downtown,7,334207
2774,3,4,Rural,18,531647
1836,2,1,Rural,25,316608
1448,1,1,Rural,0,253280
3873,3,4,Rural,29,631650
2519,2,4,Suburb,28,427552
959,2,1,Downtown,25,237948
3972,3,3,Suburb,4,688528
1050,2,4,Suburb,29,169087
892,5,3,Rural,30,242892
2287,3,4,Rural,0,448953
1344,2,4,Suburb,10,350032
3778,1,3,Suburb,20,676313
2757,1,3,Downtown,8,533530
1638,5,1,Downtown,4,464270
1145,3,4,Suburb,1,343843
3822,2,2,Suburb,12,667845
2766,2,2,Rural,30,480018
2954,1,4,Suburb,17,507922
1966,5,4,Rural,25,421077
1877,1,4,Suburb,24,360061
3435,1,3,Rural,11,563782
3105,5,2,Downtown,13,714727
3097,3,2,Rural,4,544621
641,2,2,Suburb,26,193610
3159,3,4,Downtown,23,694355
1000,4,3,Downtown,9,360339
1339,4,4,Rural,19,287954
3249,4,1,Downtown,1,706775
2182,5,1,Suburb,3,577261
2065,1,2,Suburb,11,399927
2546,3,4,Suburb,10,535709
2030,2,1,Rural,3,391655
1095,4,1,Suburb,10,322514
2404,3,4,Suburb,8,490252
780,4,3,Rural,9,207459
923,4,4,Suburb,26,283669
3403,2,4,Rural,5,558760
769,5,3,Suburb,14,271977
653,1,2,Downtown,9,296301
3161,5,2,Suburb,30,621991
2250,3,2,Suburb,21,428803
1161,5,3,Downtown,20,391377
2467,3,1,Downtown,5,538443
582,3,3,Downtown,0,280558
3494,1,4,Suburb,28,560804
3446,2,3,Rural,20,610290
1949,1,1,Downtown,27,419089
1798,5,1,Suburb,21,398643
2831,3,4,Rural,23,522442
1479,4,2,Downtown,19,470905
2720,4,1,Suburb,29,515124
3898,3,1,Rural,20,697429
3634,1,1,Rural,3,624638
3644,2,4,Downtown,22,706699
3310,1,1,Downtown,25,648508
2159,3,2,Downtown,21,484540
1898,3,4,Suburb,13,416270
1132,2,2,Suburb,19,273748
2031,5,1,Suburb,21,437978
1286,5,1,Suburb,28,358664
3490,2,2,Downtown,19,663627
3559,5,4,Suburb,27,741757
897,4,4,Suburb,7,272314
1643,5,2,Suburb,10,376841
1433,5,1,Suburb,14,414562
1960,5,3,Suburb,30,421673
2352,4,2,Downtown,18,508401
3223,5,2,Downtown,7,718076
3483,4,2,Downtown,12,760425
3012,2,1,Downtown,17,626920
785,1,4,Suburb,21,179598
764,2,1,Downtown,23,265457
2867,1,2,Downtown,16,555429
3220,2,1,Suburb,5,647826
3947,1,1,Suburb,24,654931
3367,1,2,Suburb,14,594020
2636,3,1,Suburb,12,528477
2177,1,3,Suburb,25,366743
1726,1,1,Rural,25,298112
1320,3,1,Downtown,17,365702
2262,5,4,Suburb,10,550605
3548,5,4,Rural,12,676054
2881,3,2,Rural,0,530800
2769,4,2,Downtown,17,603996
540,1,4,Suburb,4,174991
2231,1,3,Downtown,5,478483
567,3,1,Suburb,0,252873
1487,3,3,Suburb,6,386411
2299,4,3,Suburb,26,449129
3061,5,4,Suburb,3,668189
2121,2,2,Suburb,8,452690
2155,5,1,Suburb,14,487668
3698,1,2,Rural,30,550481
1778,3,3,Suburb,30,383079
1194,4,3,Downtown,5,373482
3587,5,2,Suburb,24,710696
3024,4,2,Downtown,16,666998
1585,5,4,Suburb,19,438322
3428,1,2,Rural,17,535364
2979,2,2,Rural,21,580001
2193,4,4,Suburb,30,485809
2815,4,2,Downtown,3,650678
1558,2,3,Downtown,8,453192
1278,4,2,Suburb,13,348235
993,4,1,Downtown,2,387959
2085,5,3,Suburb,0,497843
1992,5,4,Downtown,26,528025
2290,2,3,Suburb,28,470348
1160,1,4,Downtown,10,345768
1848,4,1,Rural,0,361840
1827,1,1,Suburb,11,350635
1799,2,3,Suburb,24,401004
2486,2,2,Downtown,8,549844
3560,5,3,Suburb,4,708517
2544,4,3,Downtown,14,592830
3772,3,1,Suburb,17,655689
2428,2,4,Rural,8,469794
1847,4,3,Suburb,12,436194
1558,1,2,Suburb,27,309257
1476,5,1,Suburb,12,384033
981,1,3,Rural,23,201082
1227,2,3,Rural,12,253822
3027,2,2,Suburb,26,538334
3636,1,3,Suburb,9,690066
1531,2,3,Suburb,9,293054
3872,4,3,Downtown,21,722821
842,2,3,Suburb,6,263746
1947,5,2,Suburb,27,408458
2879,4,3,Downtown,21,560744
2985,3,3,Downtown,30,638178
2721,2,3,Suburb,30,535952
3106,2,1,Rural,4,512659
1026,5,2,Suburb,19,261040
2396,5,1,Suburb,6,496837
1158,1,1,Suburb,19,233703
2573,1,2,Suburb,9,534367
1319,1,1,Suburb,9,275958
3152,5,1,Suburb,25,652756
905,1,1,Downtown,24,283403
2779,1,2,Suburb,20,536523
3080,3,3,Downtown,23,610221
2073,1,4,Suburb,27,383644
2311,2,4,Rural,12,418074
1004,5,2,Downtown,14,382740
678,4,4,Suburb,27,271177
631,3,2,Suburb,27,273002
2346,5,2,Rural,5,485181
1978,5,4,Suburb,19,461941
2895,2,1,Suburb,11,569252
3087,1,3,Rural,18,533403
1271,2,4,Suburb,10,352103
1929,1,4,Suburb,5,381114
2623,1,4,Suburb,0,481527
1078,5,4,Rural,1,351989
3401,1,2,Downtown,22,647242
2015,3,2,Suburb,14,444457
693,3,3,Suburb,3,238770
2507,3,3,Suburb,4,539863
1685,5,4,Suburb,14,392798
2894,2,4,Suburb,10,530352
3498,4,4,Downtown,9,646253
1884,1,3,Suburb,16,347773
2292,4,4,Suburb,1,530747
1610,2,1,Rural,19,313892
3833,2,3,Downtown,23,694232
2761,5,1,Rural,9,598034
2436,3,4,Suburb,19,490555
3120,3,2,Downtown,29,679813
1279,2,1,Suburb,2,335551
761,5,3,Downtown,18,331796
1229,5,1,Rural,27,362400
782,1,3,Rural,4,172060
1990,3,4,Downtown,2,453653
3951,2,1,Downtown,7,803631
861,4,2,Suburb,4,303286
940,3,1,Suburb,27,295814
2640,1,2,Suburb,29,493441
2144,5,3,Suburb,11,539904
3300,2,4,Suburb,13,586654
1366,3,4,Downtown,6,383241
1947,4,2,Rural,10,406075
641,1,3,Rural,7,153579
1814,1,4,Suburb,4,321089
1955,3,3,Rural,7,401153
3296,4,2,Downtown,11,717132
2375,1,2,Downtown,14,471834
2347,2,1,Suburb,18,426640
2212,1,4,Suburb,15,412722
3200,4,4,Suburb,30,633536
1200,5,1,Rural,13,284729
1497,5,2,Rural,27,417608
2596,3,2,Suburb,6,484426
1825,4,2,Suburb,7,409629
1380,1,2,Downtown,6,385022
1713,1,3,Downtown,29,406976
1659,5,4,Suburb,17,438250
1054,5,4,Suburb,23,294537
903,2,2,Suburb,5,235580
1391,5,2,Suburb,25,337957
3412,2,2,Suburb,18,604194
1101,1,4,Downtown,3,323632
2330,2,4,Suburb,22,421662
840,2,2,Downtown,2,241554
2468,3,3,Downtown,16,579277
1203,5,1,Suburb,21,334045
817,2,1,Downtown,18,296993
3165,1,1,Rural,26,509476
1886,4,4,Downtown,14,495184
2929,2,4,Downtown,25,654136
2780,5,1,Suburb,5,557701
2300,3,1,Suburb,25,436662
1867,1,3,Downtown,11,392028
2072,3,4,Downtown,18,545925
1316,4,4,Rural,5,321858
1052,2,1,Suburb,10,294424
1355,2,3,Suburb,19,224935
2312,5,3,Suburb,28,510034
3366,2,1,Downtown,19,645076
682,1,1,Suburb,9,234958
3612,4,4,Suburb,25,696563
2074,3,1,Rural,15,393509
896,4,2,Downtown,26,365795
2227,2,3,Rural,17,457199
3326,3,1,Downtown,13,721071
2017,5,2,Downtown,3,552425
1406,4,3,Downtown,26,386582
1856,3,2,Downtown,11,464362
2674,3,2,Rural,19,479599
500,3,1,Suburb,26,195639
3739,1,3,Downtown,22,671011
518,4,2,Rural,20,182610
3903,3,4,Rural,7,752756
1083,4,3,Suburb,6,325778
955,3,4,Rural,25,215354
3504,5,1,Downtown,8,714592
2536,5,4,Rural,23,504406
1632,5,3,Suburb,30,417161
3839,2,2,Rural,24,645951
2992,3,2,Suburb,16,571181
3811,2,3,Suburb,9,695417
2452,4,2,Suburb,28,511629
3872,2,4,Downtown,27,744959
3149,4,2,Suburb,2,652308
2650,4,2,Downtown,20,584843
1487,4,4,Rural,24,324892
3821,2,4,Downtown,7,736175
1019,3,4,Suburb,13,296658
3724,2,1,Suburb,25,687235
1358,3,4,Rural,6,297594
673,3,4,Suburb,15,221038
1866,4,1,Suburb,17,398496
3552,2,2,Rural,30,547942
2978,3,4,Suburb,10,539565
1226,5,3,Suburb,5,328788
2210,3,4,Suburb,19,432527
2375,5,4,Rural,20,500046
3397,2,1,Suburb,13,584410
2181,2,3,Downtown,20,477680
1847,2,2,Rural,12,380185
1489,3,2,Suburb,3,335454
3186,1,3,Suburb,19,544144
919,3,4,Rural,30,178248
1093,3,1,Downtown,19,306374
3032,4,3,Suburb,10,645898
2274,4,3,Suburb,17,499250
2959,3,2,Rural,0,618337
1435,5,1,Downtown,11,412140
1607,4,3,Suburb,17,429303
1636,3,1,Rural,6,327535
831,1,4,Downtown,11,248615
3949,5,2,Downtown,0,904019
3202,2,4,Rural,21,524248
2588,3,1,Downtown,3,622800
2293,3,4,Rural,17,435990
1458,5,2,Downtown,14,402392
604,4,1,Suburb,30,177679
701,4,3,Suburb,2,266306
2997,4,4,Suburb,6,569845
2342,2,2,Suburb,5,457434
2366,5,3,Suburb,14,463764
2496,5,2,Rural,14,521032
1789,4,1,Downtown,5,427077
1409,4,1,Suburb,7,362547
709,1,4,Downtown,7,207836
1062,1,2,Suburb,21,275076
3689,3,2,Downtown,0,680053
3260,3,2,Suburb,25,595512
3948,5,1,Suburb,12,776982
2063,5,4,Downtown,22,528217
1270,2,2,Downtown,23,300095
3655,2,2,Suburb,20,596058
3001,1,3,Suburb,12,561592
3214,3,2,Rural,10,578390
1128,1,4,Suburb,3,234048
2128,1,3,Downtown,6,487734
2201,3,3,Suburb,27,426269
886,2,3,Downtown,11,272179
2435,3,1,Suburb,26,453250
3921,4,3,Rural,12,683366
2843,4,2,Suburb,21,541585
2805,4,1,Suburb,11,579599
1604,5,1,Downtown,15,502119
767,2,1,Suburb,5,188148
2966,2,1,Rural,13,511670
2782,5,1,Downtown,18,624378
2356,1,1,Downtown,15,502337
3882,4,1,Suburb,26,745950
2498,4,3,Suburb,25,504919
3533,1,4,Suburb,30,580837
1880,3,2,Rural,3,406342
1736,3,2,Downtown,4,397197
1073,2,3,Suburb,8,208630
548,5,3,Suburb,23,316911
1650,2,1,Downtown,2,391264
722,3,4,Suburb,21,214888
3468,1,1,Downtown,9,677514
3850,2,3,Downtown,16,741910
1931,4,1,Downtown,18,508207
2028,4,2,Rural,9,453329
3865,1,2,Suburb,29,607476
2319,3,1,Suburb,11,514928
2824,4,4,Suburb,22,576921
1961,4,1,Suburb,6,459490
1630,5,1,Suburb,17,420176
2181,2,4,Rural,18,332181
2967,3,4,Suburb,14,564752
3158,2,4,Suburb,6,558703
4000,3,2,Downtown,11,745682
874,4,1,Suburb,21,255464
2620,5,3,Suburb,28,569764
2521,2,4,Rural,6,470766
1553,4,4,Downtown,9,447074
3759,3,1,Downtown,24,716460
3935,2,3,Suburb,23,698539
2389,2,1,Downtown,21,501379
2323,4,1,Downtown,27,559924
1974,2,4,Rural,29,377970
2742,5,4,Suburb,19,577095
1679,5,2,Rural,29,348811
3743,4,3,Rural,28,671640
3394,3,3,Downtown,9,697374
1564,4,4,Suburb,24,374180
3634,5,4,Downtown,22,738824
2570,1,4,Rural,4,431864
859,1,3,Suburb,17,221521
3646,2,2,Suburb,8,633169
3107,2,3,Suburb,29,549497
3219,1,4,Suburb,15,585456
2541,5,4,Downtown,6,618395
1641,2,2,Suburb,24,307432
2135,4,1,Suburb,26,463206
1903,4,1,Rural,24,452406
2443,5,3,Suburb,9,557718
1178,2,1,Suburb,4,284462
3861,4,1,Rural,6,742375
2987,2,3,Downtown,4,680026
3480,2,4,Rural,14,623901
506,4,1,Downtown,18,215953
3767,1,4,Suburb,9,674554
2968,4,3,Suburb,7,638664
2091,5,4,Suburb,23,408732
1332,3,4,Rural,8,329913
3764,4,3,Downtown,10,758506
3106,2,4,Suburb,29,596363
3719,2,1,Suburb,27,648715
2310,4,1,Rural,21,465797
3773,3,1,Downtown,1,765750
1413,4,1,Rural,2,361373
2511,3,4,Suburb,12,518063
1942,3,1,Downtown,10,444327
1950,5,4,Suburb,27,437606
3554,2,2,Downtown,9,693903
2002,2,4,Suburb,26,431211
625,3,1,Downtown,14,284280
2942,2,2,Suburb,5,536572
1316,1,3,Suburb,0,269809
3428,3,4,Suburb,13,660842
2329,2,1,Suburb,17,438105
1075,1,1,Suburb,23,260846
2872,5,1,Downtown,10,649126
1915,2,3,Suburb,7,444053
1429,1,2,Rural,21,241240
1963,4,2,Rural,2,465613
3775,4,1,Downtown,13,792754
1332,1,4,Downtown,1,335588
1554,3,1,Rural,28,288750
3959,3,1,Suburb,15,776681
2148,2,4,Suburb,5,410121
2400,4,1,Suburb,0,529191
1957,3,3,Suburb,13,430911
3384,3,1,Suburb,9,638900
3473,4,3,Rural,5,669390
1899,5,1,Suburb,8,428933
3915,3,2,Downtown,6,829242
942,1,4,Downtown,24,242564
2622,2,2,Downtown,1,557982
1056,3,1,Suburb,10,245255
1678,3,1,Downtown,13,460083
2537,5,3,Downtown,4,663193
862,1,1,Rural,8,251544
2995,2,1,Downtown,6,647292
1757,3,1,Downtown,24,418416
2341,2,2,Downtown,13,508202
2809,4,3,Downtown,26,595663
2350,3,2,Suburb,15,441105
2672,3,3,Rural,21,480936
1410,4,2,Rural,15,353763
744,5,1,Suburb,30,235590
1041,3,2,Suburb,6,221720
3032,2,2,Suburb,9,528210
2669,1,3,Downtown,20,554897
2672,2,3,Downtown,5,514254
2072,5,2,Rural,16,430640
2717,1,3,Downtown,0,546041
623,2,3,Downtown,1,270190
3606,2,3,Suburb,26,641938
3658,4,4,Suburb,13,707707
3193,5,3,Downtown,3,701490
2231,4,4,Downtown,26,490314
1285,1,4,Suburb,8,311792
2543,4,3,Suburb,22,466538
2748,5,2,Downtown,5,660638
2916,3,3,Suburb,30,581723
1296,3,1,Suburb,16,388502
576,1,2,Rural,20,113774
558,3,4,Suburb,10,196894
2978,4,4,Downtown,27,631300
3185,1,2,Suburb,28,549112
2023,5,2,Suburb,3,505489
2436,1,3,Downtown,20,511074
2656,1,4,Suburb,26,461844
3555,2,1,Downtown,8,692307
1801,2,3,Downtown,27,441150
567,1,2,Suburb,15,132064
3640,3,4,Downtown,2,726989
3736,2,2,Rural,3,664042
2852,5,2,Suburb,23,552800
2432,4,2,Suburb,2,416571
3221,2,3,Suburb,12,634547
864,1,1,Suburb,18,210986
1320,3,1,Downtown,28,322273
1902,4,4,Rural,24,418913
2890,2,2,Rural,20,497251
1446,3,1,Downtown,25,350856
3446,3,2,Downtown,0,717992
2077,3,4,Downtown,22,481097
1877,1,2,Suburb,22,341154
1939,5,1,Suburb,30,417762
3680,3,2,Rural,5,626216
1261,4,1,Suburb,21,350217
840,2,4,Suburb,2,206549
3489,4,2,Suburb,2,657425
882,1,1,Suburb,15,220335
1503,1,4,Suburb,9,360216
2056,4,2,Suburb,26,446387
799,5,4,Suburb,24,293495
638,1,1,Suburb,16,182766
858,1,2,Suburb,6,249893
1335,4,2,Suburb,12,406377
2022,1,2,Suburb,27,363168
3956,5,4,Suburb,10,763821
2127,5,4,Suburb,9,495256
2482,5,1,Suburb,6,562194
1803,2,3,Suburb,23,371422
3030,5,2,Downtown,5,663188
1408,5,2,Downtown,23,417987
1634,2,1,Suburb,0,438050
3413,3,2,Suburb,16,645367
2686,1,4,Rural,24,391577
1495,5,4,Suburb,11,381403
2982,1,2,Suburb,3,544702
3056,4,2,Downtown,2,662183
2820,1,4,Downtown,5,565947
3670,2,2,Suburb,25,654088
2651,1,4,Downtown,27,535908
1737,1,3,Suburb,15,353315
2284,1,3,Suburb,12,459119
3309,3,2,Suburb,27,564490
3334,3,2,Rural,8,594520
664,4,2,Suburb,25,247628
1498,2,4,Downtown,10,392385
3067,1,3,Rural,19,491481
1807,1,3,Rural,24,301093
3064,1,1,Downtown,30,554348
1156,1,1,Downtown,20,332700
3160,3,2,Downtown,12,596437
2711,4,4,Downtown,22,556204
2409,5,2,Rural,18,505909
2546,2,3,Suburb,2,516195
2611,1,2,Suburb,11,433117
3662,4,2,Rural,18,680093
1640,5,3,Suburb,7,424415
2389,4,3,Suburb,13,520820
766,3,3,Rural,21,206074
2345,5,3,Rural,8,506514
2208,4,1,Rural,24,451001
3711,3,4,Suburb,23,687807
2793,4,4,Suburb,16,570272
2942,4,3,Downtown,5,643733
2010,5,4,Suburb,3,476111
975,3,4,Rural,3,260155
1476,1,4,Downtown,18,378162
1707,2,4,Suburb,11,423992
1543,5,3,Suburb,24,403304
2460,3,2,Downtown,1,569322
1057,4,2,Suburb,16,339013
1517,3,2,Downtown,29,400444
2105,2,1,Suburb,14,389941
1382,2,4,Downtown,9,346300
2694,1,3,Rural,2,526968
1165,1,3,Downtown,28,275347
3875,2,1,Downtown,30,738354
3167,5,3,Downtown,19,656389
2271,5,2,Rural,3,526179
3367,4,1,Suburb,21,630245
1363,1,3,Suburb,0,306933
1081,4,1,Suburb,0,315303
3570,1,1,Suburb,17,633646
1194,2,3,Downtown,3,351246
1751,5,2,Suburb,22,447949
3673,5,3,Downtown,21,779608
2110,2,4,Rural,14,400955
3988,4,4,Suburb,26,751742
1739,4,3,Suburb,24,417861
2954,3,2,Downtown,22,599176
898,1,4,Suburb,27,193489
2446,4,4,Downtown,20,603463
1214,2,3,Downtown,21,352288
1203,4,3,Downtown,9,393582
3308,5,3,Suburb,24,628150
3046,1,1,Suburb,16,487253
2214,3,1,Suburb,26,437320
2472,1,1,Downtown,24,483220
3521,5,3,Suburb,21,677840
581,5,2,Suburb,11,281736
1103,5,4,Downtown,19,422272
2470,5,1,Downtown,11,622784
2210,2,2,Rural,15,388328
2546,3,3,Rural,4,504045
3319,5,1,Rural,28,605230
1402,5,3,Rural,15,290067
864,4,2,Downtown,16,321306
662,3,1,Downtown,22,305122
3619,1,1,Suburb,28,604809
3058,3,1,Suburb,30,593697
3900,3,1,Rural,14,661032
2363,3,2,Suburb,12,503105
615,5,1,Suburb,7,257942
3488,5,4,Downtown,26,772901
2884,2,4,Rural,20,493200
1380,1,3,Rural,1,259728
3284,4,1,Downtown,7,739745
1339,3,4,Rural,9,284545
2694,1,4,Downtown,6,554485
1846,1,4,Downtown,9,400811
2990,2,2,Suburb,24,572223
3384,4,1,Suburb,3,703506
1536,3,2,Downtown,10,390164
1442,4,2,Suburb,8,384690
2224,2,4,Rural,3,439775
2834,5,4,Suburb,2,606886
3267,1,3,Suburb,30,605818
1637,3,1,Downtown,10,471091
3027,5,1,Downtown,2,656471
521,2,4,Downtown,25,259410
3920,4,4,Downtown,17,796198
2249,1,1,Downtown,25,469670
1182,3,3,Downtown,18,342334
3453,5,4,Suburb,13,640481
2333,5,3,Suburb,23,515441
2867,1,2,Rural,10,499286
625,4,4,Downtown,23,340592
776,2,2,Suburb,1,215176
2499,4,4,Downtown,26,510632
1727,4,2,Suburb,1,382675
2741,4,4,Downtown,1,667887
1195,1,3,Rural,9,226816
1809,1,3,Suburb,22,390265
556,2,3,Suburb,14,189588
3874,4,2,Downtown,21,740859
3734,1,3,Suburb,11,709140
518,2,2,Suburb,10,227233
3941,2,4,Downtown,16,739764
2811,4,2,Suburb,17,594554
3341,3,4,Rural,13,601842
612,4,1,Suburb,16,248928
3898,3,1,Rural,14,733570
1041,2,1,Rural,11,189561
3194,1,2,Rural,26,512341
1078,5,1,Suburb,15,327576
1588,2,1,Suburb,22,346235
3863,1,1,Suburb,5,636989
524,2,4,Suburb,1,225108
2072,4,3,Rural,1,405181
2548,3,2,Downtown,15,519706
3458,2,1,Suburb,1,630176
2072,1,4,Downtown,7,510665
640,4,3,Downtown,29,353249
2267,5,3,Downtown,6,578706
1147,4,3,Suburb,0,324904
2735,3,4,Downtown,3,601939
3699,4,1,Suburb,10,714897
700,5,3,Suburb,19,309992
3698,1,4,Downtown,6,662156
756,2,4,Downtown,17,302234
1046,3,2,Suburb,3,251098
2741,5,4,Suburb,16,560723
3250,3,3,Rural,28,569423
3675,4,3,Rural,30,663584
3836,3,4,Rural,28,657292
1301,5,3,Suburb,10,370402
1441,2,4,Rural,10,297363
3955,2,3,Rural,19,618628
3831,3,2,Rural,10,691904
913,1,1,Downtown,14,297289
2514,3,2,Rural,13,514380
1881,4,2,Suburb,16,481562
1598,2,1,Suburb,1,371025
3926,2,3,Downtown,17,784245
1409,2,1,Suburb,15,316893
687,1,4,Downtown,11,198537
2515,1,1,Downtown,9,547083
1813,5,2,Downtown,27,497136
2592,3,1,Rural,15,483819
2630,3,3,Downtown,2,580632
1646,4,2,Suburb,7,414240
857,2,4,Downtown,26,262423
2051,1,3,Suburb,21,399918
1589,4,2,Downtown,21,399684
3483,4,4,Downtown,24,684155
2180,1,3,Suburb,23,364382
2922,3,4,Suburb,1,644622
661,2,1,Downtown,30,241342
3951,3,1,Downtown,21,797898
3929,4,4,Downtown,0,766447
3759,2,1,Rural,28,620399
2869,5,4,Suburb,13,613895
949,4,3,Suburb,24,322488
1997,3,2,Downtown,3,468475
1536,3,4,Suburb,3,355324
2731,3,2,Downtown,8,567891
2658,1,2,Downtown,2,543082
2450,4,4,Suburb,4,492905
3055,2,1,Suburb,0,535148
1813,3,3,Downtown,21,448710
2842,3,2,Suburb,18,568418
3451,1,3,Rural,0,553479
1738,2,2,Suburb,9,351465
1473,4,4,Suburb,21,356952
1131,5,1,Rural,29,341853
2090,1,3,Rural,11,287523
1550,4,2,Suburb,9,396849
3280,5,4,Suburb,1,691378
3802,3,4,Downtown,15,723936
2088,3,2,Suburb,7,435723
2868,2,2,Downtown,13,597190
3460,5,2,Downtown,28,720111
3804,3,1,Suburb,14,747572
2193,3,2,Downtown,15,507029
936,2,2,Suburb,10,276237
3328,4,1,Suburb,11,661708
2056,3,4,Suburb,1,468224
3974,1,2,Downtown,3,719778
1576,1,3,Downtown,29,363436
3884,4,4,Suburb,2,738633
1804,5,3,Rural,8,391113
3273,2,2,Downtown,17,671701
2578,1,1,Downtown,18,458238
2884,1,1,Rural,6,537009
682,4,1,Downtown,3,242737
3594,5,2,Rural,5,679488
3091,5,2,Suburb,18,653885
1969,4,3,Suburb,0,419699
3645,1,1,Suburb,15,644462
3581,2,2,Downtown,10,706619
1979,1,4,Suburb,21,385649
2089,5,2,Rural,3,449889
2087,1,2,Suburb,17,382091
1159,2,4,Suburb,22,224746
659,3,1,Suburb,30,205731
3585,1,4,Downtown,25,690275
3749,4,1,Suburb,28,680667
2959,3,4,Suburb,27,544663
1511,4,3,Suburb,30,404340
552,4,1,Suburb,28,209895
2955,4,2,Suburb,4,609815
3394,1,3,Rural,21,574172
1545,5,1,Suburb,5,401825
1553,3,1,Downtown,29,414388
3250,2,1,Suburb,24,613182
2807,5,4,Suburb,27,601157
1728,1,1,Suburb,1,388661
3630,4,2,Rural,11,601019
1994,2,1,Suburb,21,362942
3323,3,2,Suburb,8,615016
1989,5,2,Suburb,27,427471
1535,5,2,Downtown,19,419647
2450,2,3,Downtown,28,536187
3861,1,2,Rural,11,641357
1349,3,4,Suburb,28,310244
853,2,1,Downtown,12,279183
1598,4,4,Downtown,26,411696
3420,3,3,Suburb,21,624742
2239,5,1,Suburb,22,535478
1964,2,2,Rural,16,315673
1490,5,1,Downtown,4,487733
1764,5,3,Rural,19,464410
3565,5,3,Suburb,12,740755
2384,1,4,Suburb,28,399902
3725,5,1,Suburb,12,712154
2309,4,1,Downtown,9,578349
3667,4,1,Rural,14,658590
2841,3,4,Downtown,14,586970
2756,5,3,Downtown,17,623371
3914,5,2,Rural,17,686444
1611,2,1,Suburb,1,356742
1317,1,4,Rural,22,209364
2299,3,4,Suburb,10,496524
2460,5,2,Suburb,12,511670
2937,2,3,Rural,10,522095
2872,1,1,Downtown,3,564467
3487,3,1,Rural,14,630512
1388,3,4,Downtown,21,401870
2355,5,3,Rural,22,489845
1680,3,1,Downtown,24,396991
1167,2,2,Suburb,10,268155
1132,3,3,Rural,17,333597
3124,4,3,Suburb,15,642055
2142,2,4,Suburb,9,426364
636,1,4,Rural,11,137175
2446,1,1,Suburb,12,411732
2197,5,4,Rural,8,505397
927,5,3,Suburb,26,271723
1975,4,1,Downtown,20,517862
3159,1,1,Downtown,12,636674
3458,1,3,Downtown,5,704284
1318,1,1,Downtown,5,365465
2688,1,2,Suburb,10,486905
1606,3,2,Downtown,18,413377
2724,2,1,Downtown,26,553336
697,2,4,Downtown,10,256488
3171,4,2,Rural,9,547953
2495,3,1,Suburb,22,427600
3238,1,2,Suburb,14,594465
3992,1,4,Rural,12,651372
2948,5,3,Downtown,22,679001
970,5,1,Rural,7,277114
2765,4,1,Suburb,4,570716
2448,1,1,Downtown,1,544086
1428,4,1,Suburb,15,405860
2510,3,1,Suburb,30,477015
3179,2,1,Suburb,12,554848
3498,1,4,Rural,18,613090
1405,3,3,Downtown,8,384137
2722,1,4,Downtown,14,529743
522,5,4,Downtown,5,291306
734,4,3,Downtown,7,291541
3584,5,4,Downtown,23,767812
1624,2,2,Rural,13,280453
1428,5,4,Downtown,4,443262
1022,1,1,Suburb,16,244791
2308,5,2,Suburb,21,487244
930,1,2,Rural,6,251114
1292,2,3,Rural,8,302750
2129,5,4,Suburb,15,470714
2236,4,4,Rural,17,445216
1032,4,2,Suburb,27,314629
3526,4,4,Rural,12,649301
2246,5,4,Suburb,17,541947
2175,5,3,Downtown,9,564236
1816,5,2,Suburb,0,459986
3357,1,1,Suburb,20,590878
1412,2,2,Suburb,17,409267
1624,4,3,Downtown,18,405046
2025,1,3,Suburb,1,369917
1827,4,3,Rural,26,370807
3418,1,4,Downtown,3,701841
3087,5,2,Suburb,10,559133
1523,4,4,Suburb,2,329333
2076,5,4,Rural,8,441408
1878,4,2,Rural,9,466305
3874,3,3,Suburb,27,694863
2019,1,1,Suburb,1,366977
2181,3,1,Downtown,6,535811
2497,1,2,Suburb,14,510408
726,2,2,Suburb,26,183739
1759,4,3,Rural,29,378482
1372,2,2,Suburb,18,312503
1391,2,2,Downtown,9,386818
1978,1,3,Suburb,23,359931
1536,3,3,Suburb,19,370259
2757,5,4,Downtown,13,655704
3288,1,2,Downtown,3,661629
896,5,1,Downtown,24,291730
1623,2,2,Rural,10,280434
2578,5,1,Downtown,2,594023
3445,3,1,Downtown,22,692775
1148,1,1,Rural,16,242976
828,3,4,Suburb,6,226577
3737,3,3,Downtown,25,735277
1982,1,3,Downtown,10,465672
1451,3,4,Downtown,17,410690
2505,4,3,Downtown,27,544955
2516,4,4,Downtown,13,563347
3671,4,2,Suburb,13,658723
3168,5,4,Downtown,5,752410
2378,3,3,Suburb,30,480921
1696,1,3,Rural,28,248033
2272,1,2,Suburb,8,469599
661,5,4,Rural,21,247906
2251,1,2,Suburb,2,471479
1275,4,1,Suburb,16,318492
3834,3,4,Suburb,27,675529
2327,1,2,Downtown,11,463671
2821,1,2,Downtown,30,606665
3574,2,3,Suburb,3,638070
1551,2,4,Suburb,19,304994
2873,2,1,Suburb,15,516541
1439,3,1,Rural,28,288095
3720,4,4,Suburb,23,741679
1039,4,4,Suburb,9,315155
3035,4,2,Suburb,25,627257
1321,3,3,Rural,29,287709
1961,3,3,Rural,28,370743
1588,2,3,Rural,6,290925
855,1,4,Downtown,9,317071
3823,5,3,Suburb,6,777179
734,5,2,Downtown,22,350558
2774,1,4,Downtown,27,566855
2048,2,4,Rural,17,358897
3884,1,3,Downtown,8,732550
2596,1,1,Rural,21,471006
617,5,1,Downtown,17,333880
2601,2,2,Rural,16,468848
2173,3,3,Downtown,10,565200
3112,5,3,Suburb,0,662789
1567,3,4,Downtown,16,448710
2600,2,4,Suburb,3,513004
1057,1,3,Suburb,3,244400
3673,4,4,Suburb,13,727025
2315,4,3,Downtown,27,552256
2505,2,2,Downtown,8,548144
3415,4,4,Downtown,12,684866
897,3,3,Suburb,27,277879
3709,4,4,Rural,27,635546
1174,2,2,Rural,15,274421
886,2,4,Downtown,0,269990
2658,3,3,Suburb,2,511289
3161,4,4,Suburb,18,624913
2564,4,4,Downtown,7,604969
3753,1,3,Suburb,17,652451
1383,5,1,Suburb,5,366635
1040,2,4,Downtown,26,333396
670,1,4,Downtown,19,235665
2956,2,2,Downtown,28,591201
1239,1,1,Suburb,25,256125
1901,5,2,Downtown,5,488469
3759,1,3,Downtown,28,719650
3405,2,3,Suburb,4,607469
2777,4,2,Downtown,11,666472
618,2,4,Downtown,8,229951
3727,3,1,Rural,8,670738
3331,3,2,Downtown,16,675736
3012,3,2,Suburb,18,570421
2651,3,3,Suburb,16,542108
3245,5,4,Suburb,21,669444
2495,4,1,Suburb,15,535329
2205,4,2,Downtown,11,497833
2222,2,1,Rural,2,386161
2722,1,1,Suburb,13,458356
3292,2,2,Rural,16,560477
2197,2,1,Suburb,21,492010
1944,2,3,Rural,15,365125
3705,2,4,Suburb,20,718777
3962,4,4,Rural,11,712298
2259,1,4,Suburb,27,416650
2024,2,3,Suburb,23,418473
1164,4,3,Suburb,29,296869
532,2,3,Rural,1,175619
2602,3,4,Rural,7,442214
3066,2,1,Suburb,11,542227
3303,2,3,Suburb,20,544996
2559,5,2,Downtown,15,620607
2051,3,3,Suburb,7,399750
1219,1,2,Downtown,27,348200
3102,2,4,Suburb,15,580981
2920,1,2,Rural,9,527782
983,3,3,Downtown,19,299050
1472,2,3,Suburb,14,293096
3799,5,1,Suburb,3,736418
3170,4,4,Downtown,25,692426
806,5,2,Suburb,30,334352
956,5,4,Suburb,14,324651
2707,4,3,Downtown,3,573580
830,4,1,Rural,29,196343
3323,4,3,Rural,10,573800
724,2,3,Downtown,30,244725
3530,1,3,Downtown,5,666183
3276,1,2,Suburb,3,584302
1979,4,3,Suburb,8,416647
3616,5,4,Downtown,8,729192
3785,3,4,Downtown,2,758573
1582,4,1,Suburb,22,389832
1143,5,4,Rural,27,258905
1115,5,3,Suburb,4,357461
694,2,3,Suburb,14,238503
988,2,4,Rural,27,141277
2704,1,1,Suburb,8,544870
3157,1,1,Suburb,1,593616
1749,3,4,Suburb,2,429034
2959,3,2,Rural,25,498224
3776,3,2,Suburb,20,710014
1602,3,2,Rural,11,366362
1647,5,2,Suburb,15,392504
3018,5,4,Suburb,4,652096
1741,1,1,Downtown,9,398005
1015,2,3,Suburb,27,226725
2125,2,3,Suburb,14,418857
1627,4,4,Downtown,13,446098
892,5,3,Suburb,13,291722
1130,3,2,Downtown,22,313746
2347,3,1,Rural,12,461839
3155,4,4,Downtown,15,685043
1479,2,1,Rural,29,287231
933,3,4,Suburb,7,224423
3902,2,4,Downtown,7,730762
3714,4,4,Suburb,29,662777
3087,2,4,Downtown,16,668983
777,2,1,Suburb,29,211087
732,2,3,Suburb,16,205393
2052,3,4,Downtown,2,479038
2094,1,2,Rural,0,380354
1613,5,4,Downtown,16,478496
3770,2,1,Suburb,25,605603
2909,2,4,Suburb,23,540255
525,2,2,Suburb,15,168612
3596,1,1,Suburb,16,636320
1917,4,4,Suburb,24,447523
3054,3,2,Suburb,1,576234
3872,1,1,Suburb,24,615724
3910,2,4,Downtown,13,734368
2814,1,2,Suburb,6,554712
960,1,1,Downtown,24,295070
3003,1,4,Downtown,18,571121
3931,4,1,Suburb,0,730605
1591,5,2,Suburb,16,385870
1506,3,4,Suburb,26,300971
3410,4,4,Suburb,30,665043
3983,4,4,Suburb,9,777472
2494,5,2,Suburb,5,537486
990,4,3,Downtown,6,337480
1572,1,4,Suburb,24,290852
3111,1,2,Suburb,5,548139
3673,2,1,Suburb,4,644895
715,4,1,Suburb,29,233594
2223,2,2,Suburb,1,476042
2092,3,3,Suburb,17,457301
3106,1,2,Suburb,23,517739
658,3,1,Suburb,30,213254
3036,5,1,Suburb,16,638785
1185,1,4,Downtown,23,276556
3813,3,3,Downtown,26,740193
3341,5,2,Downtown,25,742559
2276,3,1,Suburb,26,448053
2552,5,1,Rural,22,450263
2343,5,1,Suburb,6,449933
2908,1,2,Downtown,20,575524
3006,2,2,Suburb,18,556095
2795,5,3,Rural,6,568882
2089,5,4,Rural,22,456029
2196,1,4,Suburb,6,379016
3493,2,4,Rural,15,574746
2969,4,1,Downtown,11,657042
2446,4,4,Downtown,14,584976
2562,2,1,Downtown,14,532593
3283,3,3,Suburb,10,579482
1645,1,1,Downtown,1,405949
2824,2,3,Suburb,2,543134
2081,4,3,Suburb,18,422403
3000,5,4,Suburb,19,551491
3961,4,4,Rural,27,714288
3865,5,1,Downtown,24,767226
3145,1,2,Suburb,25,552351
2993,5,4,Suburb,14,619437
2757,2,4,Downtown,15,534142
3261,5,2,Suburb,0,681686
2849,3,2,Rural,14,497556
2432,2,4,Rural,30,379939
3794,1,2,Rural,11,579396
2257,2,1,Suburb,6,452453
2550,3,3,Suburb,6,564323
1489,1,3,Downtown,10,364581
2041,4,4,Downtown,19,550645
1616,3,4,Downtown,28,447865
3067,1,1,Suburb,10,565539
3999,5,2,Rural,16,781085
992,2,4,Suburb,2,310641
3806,1,3,Suburb,15,691261
1119,2,1,Suburb,4,227320
3732,5,1,Suburb,27,705698
2878,1,2,Rural,1,479889
2880,4,4,Downtown,22,655134
2597,3,4,Suburb,29,491332
2046,1,1,Suburb,25,434469
1362,5,3,Downtown,25,412347
2191,1,4,Suburb,6,421811
2105,2,3,Rural,27,367391
2819,1,1,Downtown,9,558312
1079,4,4,Downtown,4,375912
2390,1,3,Downtown,14,492518
1775,3,1,Suburb,11,381304
3107,1,3,Suburb,9,544881
3243,2,4,Suburb,30,631081
2355,1,2,Suburb,21,492175
3661,4,3,Rural,16,649026
2993,5,2,Suburb,19,635419
3564,1,4,Rural,19,560766
1855,1,2,Rural,10,328445
1662,3,1,Suburb,7,349675
856,4,2,Suburb,14,304995
2124,5,3,Rural,1,482136
2821,2,3,Rural,16,517413
3590,1,2,Downtown,22,693148
2506,5,1,Downtown,5,574812
2858,2,4,Rural,20,488967
1369,4,2,Downtown,27,401707
1385,4,3,Rural,12,315383
2501,5,3,Suburb,28,529233
2701,2,2,Downtown,28,523158
1913,4,2,Downtown,7,529842
1783,5,2,Downtown,10,515606
1119,4,4,Downtown,14,400962
1382,4,3,Suburb,12,375074
1296,4,3,Suburb,17,304584
2672,3,3,Rural,17,479414
3925,2,4,Suburb,24,663698
1796,5,1,Suburb,16,425682
1118,5,3,Suburb,21,358433
2334,2,3,Suburb,12,413917
744,2,1,Suburb,28,186091
3395,2,4,Downtown,2,665415
2997,2,1,Downtown,30,550130
1429,1,1,Downtown,28,342493
1770,5,1,Downtown,20,465241
1019,1,1,Suburb,23,263205
3712,4,4,Downtown,6,752546
2909,4,4,Rural,28,552118
507,5,1,Rural,11,218500
3025,4,2,Rural,3,506305
3923,2,2,Rural,23,612396
2519,1,2,Downtown,26,513356
994,2,2,Suburb,26,253239
2129,4,3,Downtown,25,502290
3380,1,4,Rural,10,606904
3998,2,4,Rural,13,691999
1562,5,1,Rural,17,414409
3140,2,3,Suburb,6,511210
686,4,1,Suburb,4,310924
3301,1,1,Downtown,15,611935
2377,5,4,Downtown,10,577296
2640,1,3,Suburb,21,510603
585,5,2,Suburb,2,202307
3615,1,4,Rural,15,589650
636,4,3,Downtown,10,325664
2968,5,3,Rural,9,567689
2621,3,4,Suburb,22,538562
2136,1,4,Rural,22,388691
3727,1,1,Rural,1,633125
3826,2,1,Rural,15,666867
2718,5,1,Downtown,16,660539
2251,3,2,Rural,9,456725
2717,4,4,Downtown,17,628424
2287,2,3,Downtown,11,475611
1371,3,4,Suburb,7,356110
2869,5,3,Rural,26,569031
3003,3,2,Suburb,25,599167
1443,1,4,Rural,2,249710
2126,1,3,Suburb,26,425108
3337,2,3,Downtown,19,625175
3160,5,1,Rural,23,671219
3726,5,2,Downtown,2,760246
3436,3,4,Rural,5,585397
848,2,1,Suburb,1,237485
2176,5,2,Suburb,2,535851
1696,1,1,Suburb,16,349051
509,3,4,Downtown,8,308735
3287,4,3,Suburb,3,641035
3836,1,4,Downtown,21,689701
1961,2,2,Downtown,30,412116
3818,5,4,Downtown,22,764911
1166,1,2,Suburb,1,231984
3093,4,1,Suburb,23,581485
2022,4,2,Suburb,27,399986
2676,2,3,Rural,8,504969
1100,1,3,Suburb,13,296406
3152,3,3,Suburb,25,594449
826,1,1,Suburb,10,193683
1479,4,2,Suburb,1,403178
2951,2,1,Suburb,20,541472
1128,2,4,Downtown,1,368645
2129,3,4,Rural,26,374987
3930,2,4,Suburb,4,679220
3265,2,4,Downtown,6,675535
3588,2,3,Suburb,21,636592
773,2,2,Downtown,3,310756
1184,2,3,Downtown,13,308844
615,4,2,Downtown,1,314260
1360,1,2,Suburb,22,298395
2503,5,1,Suburb,11,498336
1192,2,4,Rural,9,259697
3662,5,2,Downtown,24,694814
1605,5,4,Suburb,0,464846
2871,4,4,Suburb,18,533122
3508,2,4,Downtown,22,668533
2661,5,3,Suburb,15,564003
2292,2,4,Downtown,14,470936
3629,3,2,Downtown,13,776826
653,3,3,Suburb,8,209199
2400,3,4,Suburb,28,463906
1927,5,1,Downtown,20,478365
1789,3,4,Downtown,22,415410
814,4,4,Downtown,14,314831
1564,4,3,Downtown,25,440692
604,5,2,Downtown,6,319404
2424,2,4,Suburb,3,457844
2413,1,3,Suburb,20,441761
1716,2,3,Suburb,17,319390
1924,2,2,Suburb,7,437098
3849,2,3,Suburb,11,671171
2901,2,2,Downtown,14,577576
3563,1,1,Downtown,14,612066
2272,3,4,Rural,16,419599
2460,2,3,Downtown,1,588470
3280,4,1,Downtown,11,709346
2103,5,3,Downtown,2,576720
1208,5,3,Suburb,6,358698
3827,4,1,Suburb,5,650445
1150,2,3,Rural,13,251588
3371,1,3,Rural,22,559686
1446,3,1,Suburb,26,357769
1160,5,3,Suburb,4,348898
2646,3,2,Downtown,29,534746
3135,1,3,Downtown,3,614274
2829,5,4,Downtown,30,614082
2950,3,3,Downtown,14,634209
1632,1,4,Downtown,6,385891
1199,3,4,Downtown,2,338146
2746,2,3,Suburb,12,536907
3874,1,1,Rural,9,619934
2538,3,2,Suburb,22,489220
2874,2,2,Rural,1,506182
2701,2,3,Suburb,11,521267
1051,1,1,Suburb,27,189512
904,4,1,Suburb,23,273563
961,5,2,Downtown,27,379563
2679,1,1,Downtown,21,533723
3338,2,3,Rural,11,559677
1373,2,3,Rural,30,254980
583,1,1,Downtown,18,228322
1922,4,3,Downtown,18,497109
3301,5,4,Suburb,20,700268
3175,3,2,Downtown,2,615478
3680,1,3,Suburb,5,654903
720,5,1,Downtown,1,342562
3100,5,2,Suburb,23,619997
1891,2,3,Downtown,12,452313
3718,3,2,Suburb,26,664814
611,1,1,Downtown,27,184686
1114,2,4,Suburb,26,267506
2081,2,4,Rural,8,413628
3471,4,3,Suburb,12,667231
974,5,4,Rural,30,297880
3383,1,3,Rural,22,548328
2413,1,2,Rural,13,432767
770,1,3,Suburb,18,150048
2968,2,3,Suburb,10,622473
2420,4,3,Rural,13,473173
3254,3,4,Downtown,15,648454
1890,2,3,Suburb,9,386527
3851,3,1,Rural,19,640186
3854,4,3,Suburb,15,688045
539,5,2,Rural,27,205081
2482,1,1,Suburb,25,450723
2736,3,2,Rural,1,526116
3735,2,2,Suburb,24,655232
1493,3,2,Suburb,15,346457
2512,5,1,Suburb,13,507708
3083,1,1,Rural,20,497829
3575,3,4,Rural,27,624088
789,5,1,Rural,17,235188
2980,2,3,Suburb,25,550765
3018,4,2,Suburb,5,603644
3752,2,4,Downtown,6,722512
3819,1,1,Rural,12,637068
3175,2,2,Suburb,1,609804
778,2,1,Downtown,14,293941
3424,2,4,Downtown,16,727091
1080,2,1,Rural,12,265913
1362,1,1,Rural,6,223887
753,5,2,Rural,0,230434
680,3,3,Suburb,2,231761
1180,4,1,Suburb,19,295112
1324,3,4,Suburb,17,333315
1199,3,1,Downtown,6,378748
3113,4,1,Rural,20,562445
1849,1,3,Downtown,16,447040
1880,4,2,Suburb,27,458626
2173,1,4,Suburb,11,360595
3227,3,2,Suburb,15,566184
2938,1,2,Rural,23,520617
2138,5,2,Downtown,9,567795
2457,4,1,Suburb,22,521630
3656,5,3,Downtown,15,763728
3888,3,1,Downtown,19,751106
711,4,4,Suburb,17,265748
2038,3,3,Downtown,14,486994
883,5,2,Suburb,22,329682
2214,3,3,Suburb,10,441663
841,4,4,Downtown,17,319690
2338,4,1,Downtown,5,582410
2487,3,1,Suburb,0,517983
1343,4,2,Rural,29,322645
3609,4,1,Suburb,22,699109
2034,3,1,Suburb,6,426355
919,5,4,Suburb,11,276230
3298,4,3,Suburb,19,613267
3740,4,1,Downtown,3,735487
2488,4,4,Suburb,30,447520
2432,4,4,Suburb,9,548553
3914,3,2,Suburb,20,650519
2349,5,4,Suburb,1,587194
805,5,2,Rural,8,246916
3249,1,1,Downtown,9,619999
1368,4,2,Rural,19,270753
3084,4,4,Suburb,10,624137
1635,1,3,Suburb,24,313423
1934,5,3,Downtown,13,508933
705,2,1,Suburb,2,200136
3756,2,1,Suburb,24,673824
3953,5,3,Suburb,0,748232
995,4,2,Downtown,6,355613
3950,2,1,Suburb,3,723359
3618,3,4,Downtown,6,770239
2409,3,1,Rural,15,480527
3051,1,2,Rural,29,501346
1545,5,1,Downtown,9,452511
712,5,4,Rural,14,252202
809,2,4,Rural,15,219351
3208,4,4,Suburb,5,613871
2491,5,2,Suburb,3,577746
3300,2,2,Suburb,3,583890
771,2,4,Suburb,23,226339
2322,5,4,Suburb,22,522543
